stage,base_model_type,base_params,base_p1_sample_weight,base_p2_sample_weight,base_p4_sample_weight,p1p2_model_type,p1p2_params,boundary_p1_sample_weight,boundary_p2_sample_weight,validation_objective,validation_accuracy,validation_macro_f1,validation_weighted_f1,validation_macro_recall,validation_min_recall,validation_off_by_one_accuracy,validation_mae,validation_p1_recall,validation_p2_recall,validation_p3_recall,validation_p4_recall,validation_p5_recall,natural_accuracy,natural_macro_f1,natural_weighted_f1,natural_macro_recall,natural_min_recall,natural_off_by_one_accuracy,natural_mae,natural_p1_recall,natural_p2_recall,natural_p3_recall,natural_p4_recall,natural_p5_recall
cost_sensitive_p1p2_boundary,sgd_log,alpha=0.03,1.0,1.0,1.2,sgd_log,alpha=0.1,1.0,1.0,1.6139913823430039,0.6944,0.6935856372383397,0.6935856372383395,0.6944000000000001,0.624,0.9008,0.448,0.624,0.624,0.856,0.644,0.724,0.7266331658291457,0.726492082711442,0.7266194018089089,0.7264842901375564,0.6582914572864321,0.9045226130653267,0.4040201005025126,0.6582914572864321,0.6868686868686869,0.835,0.7135678391959799,0.7386934673366834
cost_sensitive_p1p2_boundary,sgd_log,alpha=0.05,1.0,1.0,1.4,sgd_log,alpha=0.1,1.0,1.0,1.6105948914161714,0.6936,0.6935248190269524,0.6935248190269524,0.6936,0.62,0.9016,0.448,0.62,0.624,0.844,0.668,0.712,0.7246231155778895,0.7248880992302886,0.7250126716723309,0.7244792142530836,0.6582914572864321,0.9025125628140703,0.4050251256281407,0.6582914572864321,0.6818181818181818,0.825,0.7185929648241206,0.7386934673366834
cost_sensitive_p1p2_boundary,sgd_log,alpha=0.05,1.0,1.15,1.4,sgd_log,alpha=0.1,1.0,1.0,1.610209199810611,0.6936,0.6938819996843515,0.6938819996843515,0.6936,0.62,0.8992,0.4504,0.62,0.636,0.84,0.66,0.712,0.7266331658291457,0.7269345630872281,0.7270544712552041,0.7265044921577586,0.6582914572864321,0.9025125628140703,0.4040201005025126,0.6582914572864321,0.696969696969697,0.825,0.7135678391959799,0.7386934673366834
cost_sensitive_p1p2_boundary,sgd_log,alpha=0.05,1.0,1.0,1.2,sgd_log,alpha=0.1,1.0,1.0,1.6093559458463442,0.6936,0.6926599097439075,0.6926599097439075,0.6936,0.62,0.9,0.4512,0.62,0.636,0.864,0.632,0.716,0.7286432160804021,0.7285191320441351,0.7286500203624097,0.7284944419065023,0.6582914572864321,0.9015075376884422,0.4040201005025126,0.6582914572864321,0.696969696969697,0.845,0.6984924623115578,0.7437185929648241
cost_sensitive_p1p2_boundary,sgd_log,alpha=0.03,1.0,1.15,1.2,sgd_log,alpha=0.1,1.0,1.0,1.60833371220145,0.692,0.6915561870024168,0.6915561870024168,0.692,0.624,0.8976,0.4544,0.624,0.636,0.848,0.632,0.72,0.7246231155778895,0.7247046729061797,0.724834245279886,0.7244843408964012,0.6582914572864321,0.9015075376884422,0.4100502512562814,0.6582914572864321,0.6919191919191919,0.83,0.7035175879396985,0.7386934673366834
cost_sensitive_p1p2_boundary,sgd_log,alpha=0.05,1.0,1.15,1.4,sgd_log,alpha=0.05,1.0,1.0,1.6054437321233788,0.6912,0.6914728868722976,0.6914728868722976,0.6912,0.62,0.8992,0.452,0.624,0.62,0.84,0.66,0.712,0.721608040201005,0.7217345011097238,0.7218674988736336,0.7214590629917262,0.6532663316582915,0.9025125628140703,0.4100502512562814,0.6532663316582915,0.6767676767676768,0.825,0.7135678391959799,0.7386934673366834
cost_sensitive_p1p2_boundary,sgd_log,alpha=0.05,1.0,1.0,1.0,sgd_log,alpha=0.1,1.0,1.0,1.6052706696450036,0.6944,0.6926511160750058,0.6926511160750058,0.6944000000000001,0.616,0.8992,0.4504,0.624,0.632,0.896,0.616,0.704,0.7306532663316583,0.7300464924472622,0.7301916216195157,0.7304641896350439,0.6582914572864321,0.8994974874371859,0.40603015075376886,0.6582914572864321,0.6868686868686869,0.875,0.6984924623115578,0.7336683417085427
cost_sensitive_p1p2_boundary,sgd_log,alpha=0.05,1.0,1.0,1.2,sgd_log,alpha=0.05,1.0,1.0,1.6045893937635884,0.6912,0.6902489896059805,0.6902489896059802,0.6912,0.62,0.9,0.4528,0.624,0.62,0.864,0.632,0.716,0.7236180904522613,0.7233254767688602,0.723469422488585,0.7234490127404701,0.6532663316582915,0.9015075376884422,0.4100502512562814,0.6532663316582915,0.6767676767676768,0.845,0.6984924623115578,0.7437185929648241
cost_sensitive_p1p2_boundary,sgd_log,alpha=0.05,1.0,1.15,1.4,sgd_log,alpha=0.03,1.0,1.0,1.6038062203726158,0.6904,0.6906770339543594,0.6906770339543594,0.6904,0.62,0.8992,0.4528,0.62,0.62,0.84,0.66,0.712,0.7155778894472362,0.7155833576027067,0.7157310990114912,0.7154136845845388,0.6381909547738693,0.9025125628140703,0.41608040201005025,0.6381909547738693,0.6616161616161617,0.825,0.7135678391959799,0.7386934673366834
cost_sensitive_p1p2_boundary,sgd_log,alpha=0.05,1.0,1.0,1.2,sgd_log,alpha=0.03,1.0,1.0,1.602951181708169,0.6904,0.6894519695136148,0.6894519695136148,0.6904,0.62,0.9,0.4536,0.62,0.62,0.864,0.632,0.716,0.7175879396984924,0.7171354188512916,0.7172924738537066,0.7174036343332826,0.6381909547738693,0.9015075376884422,0.41708542713567837,0.6381909547738693,0.6616161616161617,0.845,0.6984924623115578,0.7437185929648241
cost_sensitive_p1p2_boundary,sgd_log,alpha=0.03,1.0,1.15,1.4,sgd_log,alpha=0.1,1.0,1.0,1.60243817737623,0.6912,0.6910636289603831,0.6910636289603832,0.6912,0.616,0.8984,0.4536,0.616,0.624,0.836,0.66,0.72,0.7276381909547739,0.7276942577876298,0.7278192142929955,0.7274994162732856,0.6582914572864321,0.9045226130653267,0.4020100502512563,0.6582914572864321,0.6919191919191919,0.83,0.7185929648241206,0.7386934673366834
cost_sensitive_p1p2_boundary,sgd_log,alpha=0.05,1.0,1.0,1.0,sgd_log,alpha=0.05,1.0,1.0,1.6023368505160194,0.6928,0.6910947508600318,0.6910947508600317,0.6928000000000001,0.616,0.8992,0.4504,0.628,0.62,0.896,0.616,0.704,0.7256281407035176,0.7249005529908251,0.7250604735220143,0.7254187604690118,0.6532663316582915,0.8994974874371859,0.41105527638190953,0.6532663316582915,0.6666666666666666,0.875,0.6984924623115578,0.7336683417085427
cost_sensitive_p1p2_boundary,sgd_log,alpha=0.03,1.0,1.15,1.2,sgd_log,alpha=0.05,1.0,1.0,1.6011691721095695,0.6896,0.6891486201826152,0.6891486201826152,0.6896000000000001,0.62,0.8976,0.456,0.628,0.62,0.848,0.632,0.72,0.7195979899497488,0.7195616851813749,0.7197059889810649,0.719438911730369,0.6532663316582915,0.9015075376884422,0.4150753768844221,0.6532663316582915,0.6717171717171717,0.83,0.7035175879396985,0.7386934673366834
cost_sensitive_p1p2_boundary,sgd_log,alpha=0.03,1.0,1.15,1.2,sgd_log,alpha=0.03,1.0,1.0,1.5995338098128618,0.6888,0.6883563496881028,0.6883563496881028,0.6888,0.62,0.8976,0.4568,0.624,0.62,0.848,0.632,0.72,0.7135678391959799,0.7133130470116624,0.7134689343147134,0.7133935333231815,0.6381909547738693,0.9015075376884422,0.42311557788944726,0.6381909547738693,0.6565656565656566,0.83,0.7035175879396985,0.7386934673366834
cost_sensitive_p1p2_boundary,sgd_log,alpha=0.1,1.0,1.15,1.2,sgd_log,alpha=0.1,1.0,1.0,1.598991820618464,0.6888,0.687919701030773,0.6879197010307732,0.6888,0.62,0.8984,0.4584,0.62,0.624,0.872,0.636,0.692,0.7256281407035176,0.7254167974169874,0.725548064173715,0.7254541393837876,0.6532663316582915,0.9015075376884422,0.40703517587939697,0.6532663316582915,0.6868686868686869,0.86,0.7035175879396985,0.7236180904522613
cost_sensitive_p1p2_boundary,sgd_log,alpha=0.03,1.0,1.0,1.4,sgd_log,alpha=0.1,1.0,1.0,1.598326793410705,0.6928,0.692077989017842,0.6920779890178419,0.6928000000000001,0.612,0.9016,0.448,0.616,0.612,0.856,0.66,0.72,0.7276381909547739,0.7272304130523445,0.7273463583389729,0.7274741383686107,0.6582914572864321,0.907537688442211,0.39899497487437185,0.6582914572864321,0.6767676767676768,0.84,0.7185929648241206,0.7437185929648241
cost_sensitive_p1p2_boundary,sgd_log,alpha=0.05,1.0,1.15,1.2,sgd_log,alpha=0.1,1.0,1.0,1.5967851348334114,0.6904,0.6897752247223521,0.6897752247223521,0.6904,0.616,0.896,0.4584,0.62,0.64,0.86,0.616,0.716,0.7256281407035176,0.7259150879835677,0.726047192914966,0.7254944926653468,0.6582914572864321,0.8994974874371859,0.40904522613065325,0.6582914572864321,0.702020202020202,0.835,0.6884422110552764,0.7437185929648241
cost_sensitive_p1p2_boundary,sgd_log,alpha=0.05,1.0,1.0,1.0,sgd_log,alpha=0.03,1.0,1.0,1.5962523307201448,0.6912,0.6894872178669085,0.6894872178669086,0.6912,0.616,0.8992,0.452,0.624,0.616,0.896,0.616,0.704,0.7195979899497488,0.7186554750725677,0.718827023883867,0.7193733820618242,0.6381909547738693,0.8994974874371859,0.4190954773869347,0.6381909547738693,0.6515151515151515,0.875,0.6984924623115578,0.7336683417085427
cost_sensitive_p1p2_boundary,sgd_log,alpha=0.05,1.0,1.15,1.2,sgd_log,alpha=0.05,1.0,1.0,1.5920332600640532,0.688,0.6873887667734222,0.6873887667734223,0.6880000000000001,0.616,0.896,0.46,0.624,0.624,0.86,0.616,0.716,0.7206030150753768,0.7207465955236675,0.7208916314102078,0.7204490634993148,0.6532663316582915,0.8994974874371859,0.4150753768844221,0.6532663316582915,0.6818181818181818,0.835,0.6884422110552764,0.7437185929648241
cost_sensitive_p1p2_boundary,sgd_log,alpha=0.03,1.0,1.0,1.2,sgd_log,alpha=0.05,1.0,1.0,1.5912028958128064,0.692,0.6911381596880106,0.6911381596880106,0.692,0.608,0.9008,0.4496,0.628,0.608,0.856,0.644,0.724,0.721608040201005,0.7213176857944178,0.721459894153005,0.7214388609715243,0.6532663316582915,0.9045226130653267,0.40904522613065325,0.6532663316582915,0.6666666666666666,0.835,0.7135678391959799,0.7386934673366834
cost_sensitive_p1p2_boundary,sgd_log,alpha=0.1,1.0,1.0,1.0,sgd_log,alpha=0.1,1.0,1.0,1.5911869643842067,0.6928,0.6906449406403441,0.690644940640344,0.6928000000000001,0.608,0.8992,0.4528,0.624,0.624,0.896,0.608,0.712,0.7256281407035176,0.7249068670444753,0.7250458730623904,0.7254339881224302,0.6532663316582915,0.8994974874371859,0.4100502512562814,0.6532663316582915,0.6818181818181818,0.875,0.6834170854271356,0.7336683417085427
cost_sensitive_p1p2_boundary,sgd_log,alpha=0.05,1.0,1.15,1.2,sgd_log,alpha=0.03,1.0,1.0,1.590398376040568,0.6872,0.6865972934009468,0.6865972934009468,0.6872,0.616,0.896,0.4608,0.62,0.624,0.86,0.616,0.716,0.714572864321608,0.714586508216413,0.7147445027795617,0.7144036850921273,0.6381909547738693,0.8994974874371859,0.4221105527638191,0.6381909547738693,0.6666666666666666,0.835,0.6884422110552764,0.7437185929648241
cost_sensitive_p1p2_boundary,sgd_log,alpha=0.05,1.0,1.0,1.4,sgd_log,alpha=0.05,1.0,1.0,1.5902054556871146,0.6912,0.6910757594785242,0.6910757594785241,0.6912,0.608,0.9016,0.4496,0.624,0.608,0.844,0.668,0.712,0.7195979899497488,0.7196974002855593,0.7198368984820089,0.7194337850870515,0.6532663316582915,0.9025125628140703,0.4100502512562814,0.6532663316582915,0.6616161616161617,0.825,0.7185929648241206,0.7386934673366834
cost_sensitive_p1p2_boundary,sgd_log,alpha=0.03,1.0,1.0,1.2,sgd_log,alpha=0.03,1.0,1.0,1.5895655774823743,0.6912,0.6903426291372903,0.6903426291372902,0.6912,0.608,0.9008,0.4504,0.624,0.608,0.856,0.644,0.724,0.7155778894472362,0.7150434966564044,0.7151974169151781,0.7153934825643369,0.6381909547738693,0.9045226130653267,0.41708542713567837,0.6381909547738693,0.6515151515151515,0.835,0.7135678391959799,0.7386934673366834
cost_sensitive_p1p2_boundary,sgd_log,alpha=0.05,1.0,1.0,1.4,sgd_log,alpha=0.03,1.0,1.0,1.5885659832284407,0.6904,0.6902766387140675,0.6902766387140675,0.6904,0.608,0.9016,0.4504,0.62,0.608,0.844,0.668,0.712,0.7135678391959799,0.7134554407575608,0.7136082557519102,0.7133884066798639,0.6381909547738693,0.9025125628140703,0.41708542713567837,0.6381909547738693,0.6464646464646465,0.825,0.7185929648241206,0.7386934673366834
cost_sensitive_p1p2_boundary,sgd_log,alpha=0.1,1.0,1.15,1.2,sgd_log,alpha=0.05,1.0,1.0,1.5856507372088369,0.6872,0.686351228681395,0.6863512286813951,0.6872,0.612,0.8984,0.4584,0.624,0.612,0.872,0.636,0.692,0.7206030150753768,0.7202434031512153,0.7203894612668785,0.7204087102177554,0.6482412060301508,0.9015075376884422,0.4120603015075377,0.6482412060301508,0.6666666666666666,0.86,0.7035175879396985,0.7236180904522613
cost_sensitive_p1p2_boundary,sgd_log,alpha=0.03,1.0,1.15,1.4,sgd_log,alpha=0.05,1.0,1.0,1.584456213599785,0.6888,0.6886270226663086,0.6886270226663086,0.6888,0.608,0.8984,0.4552,0.62,0.608,0.836,0.66,0.72,0.7226130653266332,0.7225319765188395,0.7226717614026712,0.7224539871072535,0.6532663316582915,0.9045226130653267,0.40703517587939697,0.6532663316582915,0.6717171717171717,0.83,0.7185929648241206,0.7386934673366834
cost_sensitive_p1p2_boundary,sgd_log,alpha=0.03,1.0,1.15,1.4,sgd_log,alpha=0.03,1.0,1.0,1.582816590522484,0.688,0.6878276508708068,0.6878276508708067,0.6880000000000001,0.608,0.8984,0.456,0.616,0.608,0.836,0.66,0.72,0.7165829145728643,0.7163112448264012,0.7164642931324954,0.7164086087000661,0.6381909547738693,0.9045226130653267,0.414070351758794,0.6381909547738693,0.6565656565656566,0.83,0.7185929648241206,0.7386934673366834
cost_sensitive_p1p2_boundary,sgd_log,alpha=0.1,1.0,1.0,1.0,sgd_log,alpha=0.05,1.0,1.0,1.5826411716255213,0.6912,0.6890686193758684,0.6890686193758683,0.6912,0.608,0.8992,0.4528,0.628,0.612,0.896,0.608,0.712,0.7206030150753768,0.7197354754180252,0.7198893085804219,0.7203885589563981,0.6482412060301508,0.8994974874371859,0.4150753768844221,0.6482412060301508,0.6616161616161617,0.875,0.6834170854271356,0.7336683417085427
cost_sensitive_p1p2_boundary,sgd_log,alpha=0.1,1.0,1.0,1.2,sgd_log,alpha=0.1,1.0,1.0,1.5798289018349179,0.6872,0.68591483639153,0.6859148363915297,0.6872,0.608,0.8976,0.46,0.62,0.608,0.876,0.644,0.688,0.7246231155778895,0.724315559509253,0.7244434614495807,0.7244389624892137,0.6532663316582915,0.9035175879396985,0.4040201005025126,0.6532663316582915,0.6767676767676768,0.86,0.7085427135678392,0.7236180904522613
cost_sensitive_p1p2_boundary,sgd_log,alpha=0.03,1.0,1.0,1.4,sgd_log,alpha=0.05,1.0,1.0,1.579579094145195,0.6912,0.6904318235753247,0.6904318235753247,0.6912,0.6,0.9016,0.4488,0.62,0.6,0.856,0.66,0.72,0.7226130653266332,0.7219821420207854,0.7221133023687903,0.7224287092025785,0.6532663316582915,0.907537688442211,0.4040201005025126,0.6532663316582915,0.6565656565656566,0.84,0.7185929648241206,0.7437185929648241
cost_sensitive_p1p2_boundary,sgd_log,alpha=0.1,1.0,1.15,1.4,sgd_log,alpha=0.1,1.0,1.0,1.5777306504547306,0.6856,0.6852844174245512,0.6852844174245513,0.6856,0.608,0.9,0.4592,0.62,0.608,0.848,0.652,0.7,0.7226130653266332,0.7227623840589983,0.7228729218028269,0.7224691640018273,0.6532663316582915,0.9035175879396985,0.40603015075376886,0.6532663316582915,0.6818181818181818,0.825,0.7185929648241206,0.7336683417085427
cost_sensitive_p1p2_boundary,sgd_log,alpha=0.1,1.0,1.15,1.2,sgd_log,alpha=0.03,1.0,1.0,1.5771603577718725,0.6856,0.6847339296197874,0.6847339296197875,0.6856,0.608,0.8984,0.46,0.62,0.608,0.872,0.636,0.692,0.714572864321608,0.7139537869175971,0.7141114733133705,0.714363331810568,0.6331658291457286,0.9015075376884422,0.4201005025125628,0.6331658291457286,0.6515151515151515,0.86,0.7035175879396985,0.7236180904522613
cost_sensitive_p1p2_boundary,sgd_log,alpha=0.1,1.0,1.0,1.0,sgd_log,alpha=0.03,1.0,1.0,1.576551100901394,0.6896,0.6874518348356566,0.6874518348356566,0.6896000000000001,0.608,0.8992,0.4544,0.624,0.608,0.896,0.608,0.712,0.7155778894472362,0.7144890172563757,0.7146511256508223,0.7153532815593117,0.6331658291457286,0.8994974874371859,0.4221105527638191,0.6331658291457286,0.6515151515151515,0.875,0.6834170854271356,0.7336683417085427
cost_sensitive_p1p2_boundary,sgd_log,alpha=0.03,1.0,1.0,1.4,sgd_log,alpha=0.03,1.0,1.0,1.5710764470432754,0.6896,0.6887940784054589,0.688794078405459,0.6896000000000001,0.596,0.9016,0.4504,0.616,0.596,0.856,0.66,0.72,0.7165829145728643,0.7156786658068739,0.7158234520818536,0.7163833307953912,0.6381909547738693,0.907537688442211,0.41105527638190953,0.6381909547738693,0.6414141414141414,0.84,0.7185929648241206,0.7437185929648241
cost_sensitive_base,sgd_log,alpha=0.05,1.0,1.15,1.4,,,1.0,1.0,1.5691858311934759,0.6864,0.6865097186557928,0.6865097186557929,0.6864000000000001,0.6,0.8992,0.4584,0.62,0.6,0.84,0.66,0.712,0.7206030150753768,0.7206839319102907,0.7208219652704795,0.7204438860971525,0.6582914572864321,0.9025125628140703,0.41105527638190953,0.6582914572864321,0.6666666666666666,0.825,0.7135678391959799,0.7386934673366834
cost_sensitive_p1p2_boundary,sgd_log,alpha=0.05,1.0,1.15,1.4,sgd_log,alpha=0.05,1.2,1.0,1.5659681417207183,0.6872,0.6873469028678639,0.6873469028678639,0.6872,0.596,0.8992,0.456,0.628,0.596,0.84,0.66,0.712,0.721608040201005,0.7216691535851675,0.7218022360826686,0.7214539871072534,0.6582914572864321,0.9025125628140703,0.41105527638190953,0.6582914572864321,0.6717171717171717,0.825,0.7135678391959799,0.7386934673366834
cost_sensitive_p1p2_boundary,sgd_log,alpha=0.05,1.0,1.0,1.0,sgd_log,alpha=0.05,1.2,1.0,1.565261415065448,0.6888,0.6869690251090808,0.6869690251090808,0.6888,0.596,0.8992,0.4544,0.632,0.596,0.896,0.616,0.704,0.7256281407035176,0.7248238471617028,0.7249839250552758,0.7254136845845388,0.6582914572864321,0.8994974874371859,0.4120603015075377,0.6582914572864321,0.6616161616161617,0.875,0.6984924623115578,0.7336683417085427
cost_sensitive_p1p2_boundary,sgd_log,alpha=0.05,1.0,1.0,1.2,sgd_log,alpha=0.05,1.2,1.0,1.5651141361175402,0.6872,0.6861235601959006,0.6861235601959005,0.6872,0.596,0.9,0.4568,0.628,0.596,0.864,0.632,0.716,0.7236180904522613,0.7232555227875681,0.7233995763889081,0.7234439368559972,0.6582914572864321,0.9015075376884422,0.41105527638190953,0.6582914572864321,0.6717171717171717,0.845,0.6984924623115578,0.7437185929648241
cost_sensitive_p1p2_boundary,sgd_log,alpha=0.1,1.0,1.0,1.4,sgd_log,alpha=0.1,1.0,1.0,1.5640867686226705,0.6864,0.6858112810377839,0.6858112810377839,0.6864000000000001,0.596,0.9,0.456,0.62,0.596,0.852,0.656,0.708,0.7175879396984924,0.7176753928407015,0.7177908244252434,0.7174237348357951,0.6532663316582915,0.9025125628140703,0.41105527638190953,0.6532663316582915,0.6616161616161617,0.825,0.7135678391959799,0.7336683417085427
cost_sensitive_base,sgd_log,alpha=0.05,1.0,1.15,1.2,,,1.0,1.0,1.5633936314477803,0.6832,0.682456052412967,0.682456052412967,0.6832,0.604,0.896,0.4664,0.62,0.604,0.86,0.616,0.716,0.7195979899497488,0.7196469715809661,0.7197954319836645,0.7194338866047408,0.6582914572864321,0.8994974874371859,0.41708542713567837,0.6582914572864321,0.6717171717171717,0.835,0.6884422110552764,0.7437185929648241
cost_sensitive_p1p2_boundary,sgd_log,alpha=0.1,1.0,1.15,1.0,sgd_log,alpha=0.1,1.0,1.0,1.562913639505191,0.6896,0.6878560658419852,0.6878560658419851,0.6896000000000001,0.592,0.8952,0.4608,0.624,0.632,0.888,0.592,0.712,0.7306532663316583,0.7299929042073194,0.7301292109606152,0.7304743414039898,0.6532663316582915,0.9015075376884422,0.4040201005025126,0.6532663316582915,0.696969696969697,0.875,0.6884422110552764,0.7386934673366834
cost_sensitive_p1p2_boundary,sgd_log,alpha=0.03,1.0,1.15,1.2,sgd_log,alpha=0.05,1.2,1.0,1.5616974297997888,0.6856,0.6850290496663147,0.6850290496663147,0.6856,0.596,0.8976,0.46,0.632,0.596,0.848,0.632,0.72,0.7195979899497488,0.7194868318102282,0.7196312681115828,0.719433835845896,0.6582914572864321,0.9015075376884422,0.41608040201005025,0.6582914572864321,0.6666666666666666,0.83,0.7035175879396985,0.7386934673366834
cost_sensitive_p1p2_boundary,sgd_log,alpha=0.1,1.0,1.0,1.2,sgd_log,alpha=0.05,1.0,1.0,1.561263933142455,0.6856,0.6843065552374249,0.684306555237425,0.6856,0.596,0.8976,0.46,0.624,0.596,0.876,0.644,0.688,0.7195979899497488,0.7190932004902096,0.71923613984351,0.7193935333231816,0.6482412060301508,0.9035175879396985,0.40904522613065325,0.6482412060301508,0.6565656565656566,0.86,0.7085427135678392,0.7236180904522613
cost_sensitive_p1p2_boundary,sgd_log,alpha=0.05,1.0,1.15,1.2,sgd_log,alpha=0.05,1.2,1.0,1.5601777174795228,0.684,0.6832961957992046,0.6832961957992048,0.6839999999999999,0.6,0.896,0.464,0.628,0.6,0.86,0.616,0.716,0.7206030150753768,0.7206725000005296,0.7208176645804529,0.7204439876148419,0.6582914572864321,0.8994974874371859,0.41608040201005025,0.6582914572864321,0.6767676767676768,0.835,0.6884422110552764,0.7437185929648241
cost_sensitive_p1p2_boundary,sgd_log,alpha=0.1,1.0,1.15,1.0,sgd_log,alpha=0.05,1.0,1.0,1.5599877408625242,0.688,0.6863129014375406,0.6863129014375405,0.6880000000000001,0.592,0.8952,0.4608,0.628,0.62,0.888,0.592,0.712,0.7256281407035176,0.7248618889648625,0.7250128199662379,0.7254289122379575,0.6482412060301508,0.9015075376884422,0.40904522613065325,0.6482412060301508,0.6767676767676768,0.875,0.6884422110552764,0.7386934673366834
cost_sensitive_p1p2_boundary,sgd_log,alpha=0.1,1.0,1.15,1.4,sgd_log,alpha=0.05,1.0,1.0,1.559168381795736,0.684,0.6836806363262269,0.683680636326227,0.6839999999999999,0.596,0.9,0.4592,0.624,0.596,0.848,0.652,0.7,0.7175879396984924,0.7175424205930507,0.7176679837118964,0.7174237348357952,0.6482412060301508,0.9035175879396985,0.41105527638190953,0.6482412060301508,0.6616161616161617,0.825,0.7185929648241206,0.7336683417085427
cost_sensitive_p1p2_boundary,sgd_log,alpha=0.05,1.0,1.15,1.4,sgd_log,alpha=0.03,1.2,1.0,1.5560239245593837,0.688,0.6878398742656396,0.6878398742656396,0.6880000000000001,0.588,0.8984,0.46,0.64,0.588,0.84,0.66,0.712,0.7165829145728643,0.7164069279386399,0.7165605247160438,0.7163933302878027,0.6363636363636364,0.9025125628140703,0.41608040201005025,0.6683417085427136,0.6363636363636364,0.825,0.7135678391959799,0.7386934673366834
cost_sensitive_p1p2_boundary,sgd_log,alpha=0.05,1.0,1.0,1.2,sgd_log,alpha=0.03,1.2,1.0,1.555182409770664,0.688,0.6866373496177736,0.6866373496177735,0.6880000000000001,0.588,0.8992,0.4608,0.64,0.588,0.864,0.632,0.716,0.7185929648241206,0.7179215051134958,0.7180828452264179,0.7183832800365464,0.6363636363636364,0.9015075376884422,0.41809045226130653,0.6683417085427136,0.6363636363636364,0.845,0.6984924623115578,0.7437185929648241
cost_sensitive_p1p2_boundary,sgd_log,alpha=0.1,1.0,1.15,1.0,sgd_log,alpha=0.03,1.0,1.0,1.5539076335451394,0.6864,0.6847127225752327,0.6847127225752327,0.6864000000000001,0.592,0.8952,0.4624,0.624,0.616,0.888,0.592,0.712,0.7195979899497488,0.7186108093954993,0.7187732387137066,0.71938353383077,0.6331658291457286,0.9015075376884422,0.41708542713567837,0.6331658291457286,0.6616161616161617,0.875,0.6884422110552764,0.7386934673366834
cost_sensitive_p1p2_boundary,sgd_log,alpha=0.1,1.0,1.15,1.2,sgd_log,alpha=0.05,1.2,1.0,1.5530107510399114,0.684,0.6830179183998524,0.6830179183998524,0.6839999999999999,0.592,0.8984,0.4616,0.628,0.592,0.872,0.636,0.692,0.7206030150753768,0.7201628162449557,0.7203090317230028,0.7204036343332826,0.6532663316582915,0.9015075376884422,0.4130653266331658,0.6532663316582915,0.6616161616161617,0.86,0.7035175879396985,0.7236180904522613
cost_sensitive_p1p2_boundary,sgd_log,alpha=0.1,1.0,1.0,1.2,sgd_log,alpha=0.03,1.0,1.0,1.5527643616841649,0.684,0.6826739361402749,0.6826739361402749,0.6839999999999999,0.592,0.8976,0.4616,0.62,0.592,0.876,0.644,0.688,0.714572864321608,0.7138103618086656,0.7139617053620958,0.714358255926095,0.6331658291457286,0.9035175879396985,0.41608040201005025,0.6331658291457286,0.6464646464646465,0.86,0.7085427135678392,0.7236180904522613
cost_sensitive_p1p2_boundary,sgd_log,alpha=0.1,1.0,1.0,1.0,sgd_log,alpha=0.05,1.2,1.0,1.5523983488304498,0.688,0.6857305813840829,0.6857305813840829,0.6880000000000001,0.592,0.8992,0.456,0.632,0.592,0.896,0.608,0.712,0.7206030150753768,0.7196508089424101,0.7198048357815869,0.7203834830719252,0.6532663316582915,0.8994974874371859,0.41608040201005025,0.6532663316582915,0.6565656565656566,0.875,0.6834170854271356,0.7336683417085427
cost_sensitive_p1p2_boundary,sgd_log,alpha=0.03,1.0,1.15,1.2,sgd_log,alpha=0.03,1.2,1.0,1.5519310987103672,0.6864,0.6855518311839452,0.6855518311839451,0.6864000000000001,0.588,0.8968,0.4632,0.644,0.588,0.848,0.632,0.72,0.714572864321608,0.7141257264738632,0.7142875854057056,0.7143731790264454,0.6313131313131313,0.9015075376884422,0.42311557788944726,0.6683417085427136,0.6313131313131313,0.83,0.7035175879396985,0.7386934673366834
cost_sensitive_p1p2_boundary,sgd_log,alpha=0.03,1.0,1.0,1.2,sgd_log,alpha=0.05,1.2,1.0,1.551694387978757,0.688,0.6869573132979285,0.6869573132979285,0.6880000000000001,0.584,0.9008,0.4536,0.632,0.584,0.856,0.644,0.724,0.721608040201005,0.7212470885906144,0.7213894080630906,0.7214337850870514,0.6582914572864321,0.9045226130653267,0.4100502512562814,0.6582914572864321,0.6616161616161617,0.835,0.7135678391959799,0.7386934673366834
cost_sensitive_p1p2_boundary,sgd_log,alpha=0.05,1.0,1.0,1.4,sgd_log,alpha=0.05,1.2,1.0,1.5506930539529435,0.6872,0.6868884232549057,0.6868884232549056,0.6872,0.584,0.9016,0.4536,0.628,0.584,0.844,0.668,0.712,0.7195979899497488,0.7196163051637966,0.7197559515120983,0.7194287092025785,0.6565656565656566,0.9025125628140703,0.41105527638190953,0.6582914572864321,0.6565656565656566,0.825,0.7185929648241206,0.7386934673366834
cost_sensitive_p1p2_boundary,sgd_log,alpha=0.1,1.0,1.15,1.4,sgd_log,alpha=0.03,1.0,1.0,1.550668541273687,0.6824,0.6820475687894787,0.6820475687894787,0.6824,0.592,0.9,0.4608,0.62,0.592,0.848,0.652,0.7,0.7115577889447237,0.7112587010291355,0.7113976979002837,0.7113783564286077,0.6331658291457286,0.9035175879396985,0.41809045226130653,0.6331658291457286,0.6464646464646465,0.825,0.7185929648241206,0.7336683417085427
cost_sensitive_p1p2_boundary,sgd_log,alpha=0.05,1.0,1.15,1.2,sgd_log,alpha=0.03,1.2,1.0,1.5502233374854224,0.6848,0.6837722291423709,0.6837722291423708,0.6848000000000001,0.592,0.8952,0.468,0.64,0.592,0.86,0.616,0.716,0.7155778894472362,0.7154071403160256,0.7155710360102894,0.7153833307953912,0.6414141414141414,0.8994974874371859,0.4221105527638191,0.6683417085427136,0.6414141414141414,0.835,0.6884422110552764,0.7437185929648241
cost_sensitive_p1p2_boundary,sgd_log,alpha=0.05,1.0,1.0,1.0,sgd_log,alpha=0.03,1.2,1.0,1.5500848280935293,0.6896,0.6874080468225487,0.6874080468225486,0.6896000000000001,0.584,0.8984,0.4584,0.648,0.584,0.896,0.616,0.704,0.7206030150753768,0.7194170156354854,0.7195930518935598,0.720353027765088,0.6262626262626263,0.8994974874371859,0.4201005025125628,0.6683417085427136,0.6262626262626263,0.875,0.6984924623115578,0.7336683417085427
cost_sensitive_base,sgd_log,alpha=0.1,1.0,1.15,1.2,,,1.0,1.0,1.5467117250052496,0.6864,0.685119541675416,0.6851195416754161,0.6864000000000001,0.584,0.8984,0.4624,0.648,0.584,0.872,0.636,0.692,0.7206030150753768,0.7198795174385706,0.7200280266074325,0.7203833307953911,0.6414141414141414,0.9015075376884422,0.41608040201005025,0.6733668341708543,0.6414141414141414,0.86,0.7035175879396985,0.7236180904522613
cost_sensitive_p1p2_boundary,sgd_log,alpha=0.03,1.0,1.15,1.0,sgd_log,alpha=0.1,1.0,1.0,1.5455889170107495,0.688,0.6864481950179158,0.6864481950179158,0.6880000000000001,0.58,0.8984,0.456,0.624,0.648,0.868,0.58,0.72,0.7226130653266332,0.7222469263362948,0.7223891919150739,0.722464341911578,0.6582914572864321,0.8974874371859296,0.41608040201005025,0.6582914572864321,0.702020202020202,0.85,0.6633165829145728,0.7386934673366834
cost_sensitive_p1p2_boundary,sgd_log,alpha=0.1,1.0,1.0,1.4,sgd_log,alpha=0.05,1.0,1.0,1.545505151180024,0.6848,0.6841752519667065,0.6841752519667065,0.6848000000000001,0.584,0.9,0.456,0.624,0.584,0.852,0.656,0.708,0.7125628140703517,0.7123843331939209,0.7125151474207202,0.7123783056697628,0.6414141414141414,0.9025125628140703,0.41608040201005025,0.6482412060301508,0.6414141414141414,0.825,0.7135678391959799,0.7336683417085427
cost_sensitive_p1p2_boundary,sgd_log,alpha=0.03,1.0,1.15,1.4,sgd_log,alpha=0.05,1.2,1.0,1.5449566196597555,0.6848,0.684461032766259,0.684461032766259,0.6848000000000001,0.584,0.8984,0.4592,0.624,0.584,0.836,0.66,0.72,0.7226130653266332,0.7224663779473651,0.7226062488263304,0.7224489112227805,0.6582914572864321,0.9045226130653267,0.40804020100502514,0.6582914572864321,0.6666666666666666,0.83,0.7185929648241206,0.7386934673366834
cost_sensitive_p1p2_boundary,sgd_log,alpha=0.05,1.0,1.15,1.4,sgd_log,alpha=0.1,1.2,1.0,1.544332575421076,0.6872,0.6870209590351266,0.6870209590351265,0.6872,0.58,0.8992,0.4592,0.644,0.58,0.84,0.66,0.712,0.7246231155778895,0.7247550788146607,0.7248849015857385,0.7244690624841379,0.6717171717171717,0.9025125628140703,0.40703517587939697,0.6733668341708543,0.6717171717171717,0.825,0.7135678391959799,0.7386934673366834
cost_sensitive_p1p2_boundary,sgd_log,alpha=0.05,1.0,1.0,1.2,sgd_log,alpha=0.1,1.2,1.0,1.5434879932680359,0.6872,0.6858133221133935,0.6858133221133935,0.6872,0.58,0.9,0.46,0.644,0.58,0.864,0.632,0.716,0.7266331658291457,0.7262844905993393,0.7264236905935004,0.7264590122328816,0.6717171717171717,0.9015075376884422,0.40804020100502514,0.6733668341708543,0.6717171717171717,0.845,0.6984924623115578,0.7437185929648241
cost_sensitive_p1p2_boundary,sgd_log,alpha=0.05,1.0,1.15,1.0,sgd_log,alpha=0.1,1.0,1.0,1.5423574432216263,0.6888,0.687729072036044,0.6877290720360442,0.6888,0.576,0.896,0.4544,0.624,0.66,0.884,0.576,0.7,0.7276381909547739,0.7275175685570938,0.7276625229461625,0.7274845439317801,0.6582914572864321,0.8964824120603015,0.4130653266331658,0.6582914572864321,0.7121212121212122,0.865,0.6683417085427136,0.7336683417085427
cost_sensitive_p1p2_boundary,sgd_log,alpha=0.03,1.0,1.0,1.2,sgd_log,alpha=0.03,1.2,1.0,1.5419251316752847,0.6888,0.687475219458808,0.6874752194588081,0.6888,0.576,0.9,0.4568,0.644,0.576,0.856,0.644,0.724,0.7165829145728643,0.7158590479637341,0.716018925419917,0.7163731282676007,0.6262626262626263,0.9045226130653267,0.41708542713567837,0.6683417085427136,0.6262626262626263,0.835,0.7135678391959799,0.7386934673366834
cost_sensitive_base,sgd_log,alpha=0.05,1.0,1.0,1.2,,,1.0,1.0,1.5418204859229687,0.6864,0.6850341432049479,0.6850341432049478,0.6864000000000001,0.58,0.8992,0.4608,0.64,0.58,0.864,0.632,0.716,0.721608040201005,0.7210049835045085,0.7211578257529959,0.7214085071823766,0.6464646464646465,0.9015075376884422,0.4150753768844221,0.6733668341708543,0.6464646464646465,0.845,0.6984924623115578,0.7437185929648241
cost_sensitive_p1p2_boundary,sgd_log,alpha=0.05,1.0,1.0,1.4,sgd_log,alpha=0.03,1.2,1.0,1.5409232652280582,0.688,0.6874054420467633,0.6874054420467633,0.6880000000000001,0.576,0.9008,0.4568,0.64,0.576,0.844,0.668,0.712,0.714572864321608,0.7142217602630683,0.7143807183186524,0.7143680523831277,0.6212121212121212,0.9025125628140703,0.41708542713567837,0.6683417085427136,0.6212121212121212,0.825,0.7185929648241206,0.7386934673366834
cost_sensitive_p1p2_boundary,sgd_log,alpha=0.03,1.0,1.15,1.0,sgd_log,alpha=0.05,1.0,1.0,1.5408472225202052,0.6856,0.6840787042003423,0.6840787042003423,0.6856,0.58,0.8984,0.4576,0.628,0.632,0.868,0.58,0.72,0.7175879396984924,0.7171645618653609,0.7173212993307868,0.7174189127455459,0.6532663316582915,0.8974874371859296,0.421105527638191,0.6532663316582915,0.6818181818181818,0.85,0.6633165829145728,0.7386934673366834
cost_sensitive_p1p2_boundary,sgd_log,alpha=0.03,1.0,1.15,1.2,sgd_log,alpha=0.1,1.2,1.0,1.5400612775983904,0.6856,0.684702129330651,0.684702129330651,0.6856,0.58,0.8976,0.4632,0.648,0.58,0.848,0.632,0.72,0.7226130653266332,0.7225132713705875,0.7226528667695441,0.7224489112227805,0.6666666666666666,0.9015075376884422,0.4130653266331658,0.6733668341708543,0.6666666666666666,0.83,0.7035175879396985,0.7386934673366834
cost_sensitive_p1p2_boundary,sgd_log,alpha=0.03,1.0,1.0,1.4,sgd_log,alpha=0.05,1.2,1.0,1.5400426213328813,0.6872,0.6862043688881356,0.6862043688881356,0.6872,0.576,0.9016,0.4528,0.624,0.576,0.856,0.66,0.72,0.7226130653266332,0.7219176125585308,0.7220488378138676,0.7224236333181058,0.6515151515151515,0.907537688442211,0.4050251256281407,0.6582914572864321,0.6515151515151515,0.84,0.7185929648241206,0.7437185929648241
cost_sensitive_p1p2_boundary,sgd_log,alpha=0.05,1.0,1.0,1.0,sgd_log,alpha=0.05,1.4,1.0,1.5400093213951795,0.6896,0.6873488689919657,0.6873488689919657,0.6896000000000001,0.576,0.8992,0.4568,0.656,0.576,0.896,0.616,0.704,0.7236180904522613,0.7224557668783816,0.7226250788237363,0.7233731790264454,0.6313131313131313,0.8994974874371859,0.41708542713567837,0.678391959798995,0.6313131313131313,0.875,0.6984924623115578,0.7336683417085427
cost_sensitive_base,sgd_log,alpha=0.1,1.0,1.15,1.0,,,1.0,1.0,1.5394793897356407,0.688,0.6858656495594015,0.6858656495594014,0.6880000000000001,0.592,0.8952,0.464,0.656,0.592,0.888,0.592,0.712,0.7266331658291457,0.7255408629519497,0.7256924665217596,0.7264085579412214,0.6515151515151515,0.9015075376884422,0.4120603015075377,0.678391959798995,0.6515151515151515,0.875,0.6884422110552764,0.7386934673366834
cost_sensitive_p1p2_boundary,sgd_log,alpha=0.1,1.0,1.15,1.0,sgd_log,alpha=0.05,1.2,1.0,1.5393720995035514,0.6848,0.6830201658392525,0.6830201658392524,0.6848000000000001,0.592,0.8952,0.464,0.632,0.6,0.888,0.592,0.712,0.7256281407035176,0.7247897794049806,0.7249408409830569,0.7254238363534846,0.6532663316582915,0.9015075376884422,0.4100502512562814,0.6532663316582915,0.6717171717171717,0.875,0.6884422110552764,0.7386934673366834
cost_sensitive_p1p2_boundary,sgd_log,alpha=0.05,1.0,1.15,1.4,sgd_log,alpha=0.05,1.4,1.0,1.539098935979461,0.6872,0.6869648932991016,0.6869648932991016,0.6872,0.576,0.8992,0.4592,0.648,0.576,0.84,0.66,0.712,0.7195979899497488,0.7194154473565263,0.7195607252702179,0.71941348154916,0.6414141414141414,0.9025125628140703,0.414070351758794,0.678391959798995,0.6414141414141414,0.825,0.7135678391959799,0.7386934673366834
cost_sensitive_p1p2_boundary,sgd_log,alpha=0.03,1.0,1.15,1.0,sgd_log,alpha=0.03,1.0,1.0,1.5389861786788692,0.6848,0.6832436311314488,0.6832436311314488,0.6848000000000001,0.58,0.8976,0.4592,0.624,0.632,0.868,0.58,0.72,0.7115577889447237,0.7109699857412676,0.7111380977089433,0.7113735343383585,0.6381909547738693,0.8974874371859296,0.4291457286432161,0.6381909547738693,0.6666666666666666,0.85,0.6633165829145728,0.7386934673366834
cost_sensitive_p1p2_boundary,sgd_log,alpha=0.05,1.0,1.15,1.2,sgd_log,alpha=0.1,1.2,1.0,1.538540645976191,0.684,0.6829677432936515,0.6829677432936516,0.6839999999999999,0.584,0.896,0.4672,0.644,0.584,0.86,0.616,0.716,0.7236180904522613,0.7237412826514928,0.7238832736486038,0.7234590629917264,0.6733668341708543,0.8994974874371859,0.4120603015075377,0.6733668341708543,0.6767676767676768,0.835,0.6884422110552764,0.7437185929648241
cost_sensitive_p1p2_boundary,sgd_log,alpha=0.05,1.0,1.0,1.2,sgd_log,alpha=0.05,1.4,1.0,1.5382549579007603,0.6872,0.6857582631679342,0.6857582631679342,0.6872,0.576,0.9,0.46,0.648,0.576,0.864,0.632,0.716,0.721608040201005,0.7209267394536667,0.7210797607028762,0.7214034312979036,0.6414141414141414,0.9015075376884422,0.41608040201005025,0.678391959798995,0.6414141414141414,0.845,0.6984924623115578,0.7437185929648241
cost_sensitive_p1p2_boundary,sgd_log,alpha=0.05,1.0,1.0,1.0,sgd_log,alpha=0.1,1.2,1.0,1.538209321395179,0.6888,0.6865488689919657,0.6865488689919657,0.6888,0.576,0.8992,0.4584,0.652,0.576,0.896,0.616,0.704,0.7286432160804021,0.7277984387171479,0.7279520632474163,0.7284287599614233,0.6616161616161617,0.8994974874371859,0.4100502512562814,0.6733668341708543,0.6616161616161617,0.875,0.6984924623115578,0.7336683417085427
cost_sensitive_p1p2_boundary,sgd_log,alpha=0.1,1.0,1.15,1.2,sgd_log,alpha=0.03,1.2,1.0,1.537825638085711,0.6848,0.6834427301428518,0.683442730142852,0.6848000000000001,0.58,0.8976,0.4656,0.644,0.58,0.872,0.636,0.692,0.7155778894472362,0.7147197711844819,0.7148819450270305,0.7153429775138318,0.6262626262626263,0.9015075376884422,0.421105527638191,0.6633165829145728,0.6262626262626263,0.86,0.7035175879396985,0.7236180904522613
cost_sensitive_p1p2_boundary,sgd_log,alpha=0.05,1.0,1.15,1.0,sgd_log,alpha=0.05,1.0,1.0,1.537642115929484,0.6864,0.68540352654914,0.6854035265491402,0.6864000000000001,0.576,0.896,0.456,0.628,0.644,0.884,0.576,0.7,0.7226130653266332,0.7224108613301505,0.7225685467830901,0.722439114765748,0.6532663316582915,0.8964824120603015,0.4190954773869347,0.6532663316582915,0.6919191919191919,0.865,0.6683417085427136,0.7336683417085427
cost_sensitive_p1p2_boundary,sgd_log,alpha=0.1,1.0,1.0,1.0,sgd_log,alpha=0.03,1.2,1.0,1.5372178992949674,0.6888,0.6861631654916127,0.6861631654916126,0.6888,0.58,0.8984,0.46,0.648,0.58,0.896,0.608,0.712,0.7165829145728643,0.7152470354493614,0.7154136713211052,0.7163329272625754,0.6262626262626263,0.8994974874371859,0.42311557788944726,0.6633165829145728,0.6262626262626263,0.875,0.6834170854271356,0.7336683417085427
cost_sensitive_p1p2_boundary,sgd_log,alpha=0.1,1.0,1.0,1.4,sgd_log,alpha=0.03,1.0,1.0,1.536997751602857,0.6832,0.6825295860047614,0.6825295860047615,0.6832,0.58,0.9,0.4576,0.62,0.58,0.852,0.656,0.708,0.7075376884422111,0.7071054665410085,0.707246510031173,0.7073430282726764,0.6313131313131313,0.9025125628140703,0.4221105527638191,0.6331658291457286,0.6313131313131313,0.825,0.7135678391959799,0.7336683417085427
cost_sensitive_p1p2_boundary,sgd_log,alpha=0.05,1.0,1.15,1.0,sgd_log,alpha=0.03,1.0,1.0,1.5360121990451623,0.6856,0.684620331741937,0.684620331741937,0.6856,0.576,0.896,0.4568,0.624,0.644,0.884,0.576,0.7,0.7165829145728643,0.7163139682285181,0.716484400462431,0.7163937363585605,0.6381909547738693,0.8964824120603015,0.42613065326633165,0.6381909547738693,0.6767676767676768,0.865,0.6683417085427136,0.7336683417085427
cost_sensitive_p1p2_boundary,sgd_log,alpha=0.03,1.0,1.15,1.4,sgd_log,alpha=0.03,1.2,1.0,1.535196786029384,0.6856,0.6849946433823065,0.6849946433823065,0.6856,0.576,0.8976,0.4624,0.636,0.576,0.836,0.66,0.72,0.7175879396984924,0.7171376033938753,0.7172965240548643,0.7173882544033298,0.6313131313131313,0.9045226130653267,0.414070351758794,0.6683417085427136,0.6313131313131313,0.83,0.7185929648241206,0.7386934673366834
cost_sensitive_p1p2_boundary,sgd_log,alpha=0.03,1.0,1.0,1.0,sgd_log,alpha=0.1,1.0,1.0,1.5350989555909111,0.6856,0.6836315926515184,0.6836315926515183,0.6856,0.576,0.8992,0.4592,0.624,0.636,0.868,0.576,0.724,0.7276381909547739,0.7269436704613688,0.7270833226646175,0.7274743414039897,0.6582914572864321,0.9015075376884422,0.40703517587939697,0.6582914572864321,0.696969696969697,0.86,0.6834170854271356,0.7386934673366834
cost_sensitive_p1p2_boundary,sgd_log,alpha=0.03,1.0,1.15,1.2,sgd_log,alpha=0.05,1.4,1.0,1.5348265788032098,0.6856,0.6846442980053499,0.6846442980053498,0.6856,0.576,0.8976,0.4632,0.652,0.576,0.848,0.632,0.72,0.7175879396984924,0.7171655943936585,0.7173207582981329,0.7173933302878026,0.6363636363636364,0.9015075376884422,0.4201005025125628,0.678391959798995,0.6363636363636364,0.83,0.7035175879396985,0.7386934673366834
cost_sensitive_p1p2_boundary,sgd_log,alpha=0.05,1.0,1.15,1.2,sgd_log,alpha=0.05,1.4,1.0,1.5333083165162775,0.684,0.6829138608604622,0.6829138608604622,0.6839999999999999,0.58,0.896,0.4672,0.648,0.58,0.86,0.616,0.716,0.7185929648241206,0.718384771285361,0.7185404950829704,0.7184034820567484,0.6464646464646465,0.8994974874371859,0.4201005025125628,0.678391959798995,0.6464646464646465,0.835,0.6884422110552764,0.7437185929648241
cost_sensitive_p1p2_boundary,sgd_log,alpha=0.03,1.0,1.0,1.0,sgd_log,alpha=0.05,1.0,1.0,1.5303392219475191,0.6832,0.6812320365791985,0.6812320365791985,0.6832,0.576,0.8992,0.4608,0.628,0.62,0.868,0.576,0.724,0.7226130653266332,0.7218215034039634,0.7219758275068565,0.7224289122379574,0.6532663316582915,0.9015075376884422,0.4120603015075377,0.6532663316582915,0.6767676767676768,0.86,0.6834170854271356,0.7386934673366834
cost_sensitive_p1p2_boundary,sgd_log,alpha=0.03,1.0,1.0,1.2,sgd_log,alpha=0.1,1.2,1.0,1.5300426803851104,0.688,0.6866044673085174,0.6866044673085173,0.6880000000000001,0.568,0.9008,0.4568,0.648,0.568,0.856,0.644,0.724,0.7246231155778895,0.72429025066931,0.7244276452066327,0.724448860463936,0.6616161616161617,0.9045226130653267,0.40703517587939697,0.6733668341708543,0.6616161616161617,0.835,0.7135678391959799,0.7386934673366834
cost_sensitive_p1p2_boundary,sgd_log,alpha=0.05,1.0,1.15,1.0,sgd_log,alpha=0.05,1.2,1.0,1.5294430926572846,0.6824,0.6814051544288076,0.6814051544288076,0.6824,0.576,0.896,0.46,0.632,0.62,0.884,0.576,0.7,0.7226130653266332,0.7223415153884643,0.7224993366097423,0.7224340388812751,0.6582914572864321,0.8964824120603015,0.4201005025125628,0.6582914572864321,0.6868686868686869,0.865,0.6683417085427136,0.7336683417085427
cost_sensitive_base,sgd_log,alpha=0.05,1.0,1.15,1.0,,,1.0,1.0,1.5290914782826415,0.6824,0.6813524638044021,0.681352463804402,0.6824,0.576,0.896,0.4616,0.624,0.628,0.884,0.576,0.7,0.7226130653266332,0.7222848779990645,0.7224411458231713,0.7224340388812751,0.6582914572864321,0.8964824120603015,0.421105527638191,0.6582914572864321,0.6868686868686869,0.865,0.6683417085427136,0.7336683417085427
cost_sensitive_p1p2_boundary,sgd_log,alpha=0.05,1.0,1.0,1.4,sgd_log,alpha=0.1,1.2,1.0,1.529041886734921,0.6872,0.6865364778915348,0.6865364778915348,0.6872,0.568,0.9016,0.4568,0.644,0.568,0.844,0.668,0.712,0.7226130653266332,0.7226544943349001,0.7227892533429731,0.7224437845794629,0.6565656565656566,0.9025125628140703,0.40804020100502514,0.6733668341708543,0.6565656565656566,0.825,0.7185929648241206,0.7386934673366834
cost_sensitive_p1p2_boundary,sgd_log,alpha=0.1,1.0,1.15,1.0,sgd_log,alpha=0.03,1.2,1.0,1.5289776849636245,0.6856,0.6834294749393743,0.6834294749393742,0.6856,0.588,0.8944,0.468,0.648,0.588,0.888,0.592,0.712,0.7206030150753768,0.7194169792849098,0.7195837339872667,0.720363179534034,0.6363636363636364,0.9015075376884422,0.41809045226130653,0.6633165829145728,0.6363636363636364,0.875,0.6884422110552764,0.7386934673366834
cost_sensitive_p1p2_boundary,sgd_log,alpha=0.1,1.0,1.0,1.2,sgd_log,alpha=0.05,1.2,1.0,1.5285877420887812,0.6824,0.6809129034813017,0.6809129034813017,0.6824,0.576,0.8976,0.4632,0.628,0.576,0.876,0.644,0.688,0.7195979899497488,0.7190140031381415,0.7191570928711412,0.7193884574387087,0.6515151515151515,0.9035175879396985,0.4100502512562814,0.6532663316582915,0.6515151515151515,0.86,0.7085427135678392,0.7236180904522613
cost_sensitive_p1p2_boundary,sgd_log,alpha=0.03,1.0,1.0,1.0,sgd_log,alpha=0.03,1.0,1.0,1.5284802614485586,0.6824,0.6804004357475977,0.6804004357475976,0.6824,0.576,0.8984,0.4624,0.624,0.62,0.868,0.576,0.724,0.7165829145728643,0.7155941873366733,0.7157600504641439,0.7163835338307699,0.6381909547738693,0.9015075376884422,0.4201005025125628,0.6381909547738693,0.6616161616161617,0.86,0.6834170854271356,0.7386934673366834
cost_sensitive_p1p2_boundary,sgd_log,alpha=0.1,1.0,1.15,1.2,sgd_log,alpha=0.05,1.4,1.0,1.5277511949548523,0.6848,0.683385324924754,0.683385324924754,0.6848000000000001,0.572,0.8984,0.464,0.652,0.572,0.872,0.636,0.692,0.7185929648241206,0.7177751558997972,0.7179306054296258,0.718363128775189,0.6313131313131313,0.9015075376884422,0.41809045226130653,0.6733668341708543,0.6313131313131313,0.86,0.7035175879396985,0.7236180904522613
cost_sensitive_base,sgd_log,alpha=0.05,1.0,1.0,1.4,,,1.0,1.0,1.527373226148306,0.6864,0.6857553769138434,0.6857553769138434,0.6864000000000001,0.568,0.9008,0.4576,0.64,0.568,0.844,0.668,0.712,0.7175879396984924,0.7173395344372765,0.7174898680756613,0.7173932795289579,0.6313131313131313,0.9025125628140703,0.414070351758794,0.6733668341708543,0.6313131313131313,0.825,0.7185929648241206,0.7386934673366834
cost_sensitive_p1p2_boundary,sgd_log,alpha=0.1,1.0,1.0,1.0,sgd_log,alpha=0.05,1.4,1.0,1.5271385212585318,0.6888,0.6860975354308861,0.686097535430886,0.6888,0.572,0.8992,0.4584,0.656,0.572,0.896,0.608,0.712,0.7195979899497488,0.7182982149797751,0.7184581476703815,0.7193530785239327,0.6313131313131313,0.8994974874371859,0.4201005025125628,0.6733668341708543,0.6313131313131313,0.875,0.6834170854271356,0.7336683417085427
cost_sensitive_p1p2_boundary,sgd_log,alpha=0.1,1.0,1.15,1.4,sgd_log,alpha=0.05,1.2,1.0,1.5264888515739943,0.6808,0.6802814192899904,0.6802814192899903,0.6808,0.576,0.9,0.4624,0.628,0.576,0.848,0.652,0.7,0.7175879396984924,0.7174730984245805,0.7175987622990874,0.7174186589513223,0.6532663316582915,0.9035175879396985,0.4120603015075377,0.6532663316582915,0.6565656565656566,0.825,0.7185929648241206,0.7336683417085427
cost_sensitive_p1p2_boundary,sgd_log,alpha=0.05,1.0,1.15,1.0,sgd_log,alpha=0.03,1.2,1.0,1.5259050205198834,0.684,0.6826417008664727,0.6826417008664727,0.6839999999999999,0.576,0.8952,0.4632,0.648,0.612,0.884,0.576,0.7,0.7175879396984924,0.7171156618833415,0.7172903797896983,0.7173733820618242,0.6515151515151515,0.8964824120603015,0.4271356783919598,0.6683417085427136,0.6515151515151515,0.865,0.6683417085427136,0.7336683417085427
cost_sensitive_p1p2_boundary,sgd_log,alpha=0.03,1.0,1.0,1.2,sgd_log,alpha=0.05,1.4,1.0,1.5248030295216082,0.688,0.6865383825360143,0.6865383825360143,0.6880000000000001,0.564,0.9008,0.4568,0.652,0.564,0.856,0.644,0.724,0.7195979899497488,0.718917513693574,0.7190706026660569,0.719393279528958,0.6313131313131313,0.9045226130653267,0.414070351758794,0.678391959798995,0.6313131313131313,0.835,0.7135678391959799,0.7386934673366834
cost_sensitive_p1p2_boundary,sgd_log,alpha=0.03,1.0,1.15,1.0,sgd_log,alpha=0.05,1.2,1.0,1.5242090428282438,0.6816,0.6800150713804057,0.6800150713804056,0.6816000000000001,0.58,0.8984,0.4616,0.632,0.608,0.868,0.58,0.72,0.7175879396984924,0.7170891947858096,0.7172460828862345,0.7174138368610731,0.6582914572864321,0.8974874371859296,0.4221105527638191,0.6582914572864321,0.6767676767676768,0.85,0.6633165829145728,0.7386934673366834
cost_sensitive_p1p2_boundary,sgd_log,alpha=0.05,1.0,1.0,1.4,sgd_log,alpha=0.05,1.4,1.0,1.5238032918342022,0.6872,0.6864721530570035,0.6864721530570036,0.6872,0.564,0.9016,0.4568,0.648,0.564,0.844,0.668,0.712,0.7175879396984924,0.7172803310054614,0.7174325352124666,0.717388203644485,0.6262626262626263,0.9025125628140703,0.414070351758794,0.678391959798995,0.6262626262626263,0.825,0.7185929648241206,0.7386934673366834
cost_sensitive_p1p2_boundary,sgd_log,alpha=0.03,1.0,1.0,1.4,sgd_log,alpha=0.03,1.2,1.0,1.5235868442869256,0.6872,0.6859114071448762,0.6859114071448763,0.6872,0.564,0.9008,0.456,0.636,0.564,0.856,0.66,0.72,0.7165829145728643,0.7154667697671062,0.7156191885373078,0.7163579513730267,0.6161616161616161,0.907537688442211,0.4120603015075377,0.6633165829145728,0.6161616161616161,0.84,0.7185929648241206,0.7437185929648241
cost_sensitive_p1p2_boundary,sgd_log,alpha=0.03,1.0,1.15,1.4,sgd_log,alpha=0.1,1.2,1.0,1.5233184997179943,0.6848,0.6841308328633235,0.6841308328633237,0.6848000000000001,0.568,0.8984,0.4624,0.64,0.568,0.836,0.66,0.72,0.7256281407035176,0.7255121082034763,0.7256470412418741,0.7254639865996649,0.6666666666666666,0.9045226130653267,0.4050251256281407,0.6733668341708543,0.6666666666666666,0.83,0.7185929648241206,0.7386934673366834
cost_sensitive_p1p2_boundary,sgd_log,alpha=0.03,1.0,1.15,1.0,sgd_log,alpha=0.03,1.2,1.0,1.5206443622895085,0.6832,0.6812739371491807,0.6812739371491807,0.6832,0.58,0.8968,0.4648,0.648,0.6,0.868,0.58,0.72,0.7125628140703517,0.7117560418600583,0.711928518080761,0.7123531800416224,0.6414141414141414,0.8974874371859296,0.4301507537688442,0.6683417085427136,0.6414141414141414,0.85,0.6633165829145728,0.7386934673366834
cost_sensitive_p1p2_boundary,sgd_log,alpha=0.1,1.0,1.0,1.2,sgd_log,alpha=0.03,1.2,1.0,1.5204407806515785,0.684,0.6822013010859644,0.6822013010859644,0.6839999999999999,0.568,0.8968,0.4656,0.644,0.568,0.876,0.644,0.688,0.7155778894472362,0.7145846309112447,0.7147403798631354,0.7153379016293588,0.6212121212121212,0.9035175879396985,0.41708542713567837,0.6633165829145728,0.6212121212121212,0.86,0.7085427135678392,0.7236180904522613
cost_sensitive_p1p2_boundary,sgd_log,alpha=0.1,1.0,1.15,1.2,sgd_log,alpha=0.1,1.2,1.0,1.5190841243881412,0.6832,0.6817402073135684,0.6817402073135684,0.6832,0.568,0.8984,0.4664,0.648,0.568,0.872,0.636,0.692,0.7236180904522613,0.7231509062304339,0.7232906683451763,0.723418709710167,0.6616161616161617,0.9015075376884422,0.41105527638190953,0.6683417085427136,0.6616161616161617,0.86,0.7035175879396985,0.7236180904522613
cost_sensitive_p1p2_boundary,sgd_log,alpha=0.05,1.0,1.15,1.0,sgd_log,alpha=0.1,1.2,1.0,1.519040393836548,0.6832,0.6818673230609136,0.6818673230609136,0.6832,0.576,0.896,0.4624,0.652,0.604,0.884,0.576,0.7,0.7256281407035176,0.7253314174300856,0.7254845561088118,0.7254491142581594,0.6683417085427136,0.8964824120603015,0.41708542713567837,0.6733668341708543,0.6868686868686869,0.865,0.6683417085427136,0.7336683417085427
cost_sensitive_p1p2_boundary,sgd_log,alpha=0.1,1.0,1.15,1.0,sgd_log,alpha=0.05,1.4,1.0,1.5189095687345509,0.6856,0.6833826145575852,0.6833826145575852,0.6856,0.58,0.8952,0.4664,0.656,0.58,0.888,0.592,0.712,0.7236180904522613,0.7224572384115863,0.7226173271244767,0.7233833307953912,0.6414141414141414,0.9015075376884422,0.4150753768844221,0.6733668341708543,0.6414141414141414,0.875,0.6884422110552764,0.7386934673366834
cost_sensitive_base,sgd_log,alpha=0.1,1.0,1.15,1.4,,,1.0,1.0,1.5185470445611817,0.6824,0.6815784076019697,0.6815784076019699,0.6824,0.568,0.9,0.464,0.644,0.568,0.848,0.652,0.7,0.7155778894472362,0.7152113645023481,0.7153476744168624,0.7153832292777016,0.6313131313131313,0.9035175879396985,0.4150753768844221,0.6683417085427136,0.6313131313131313,0.825,0.7185929648241206,0.7336683417085427
cost_sensitive_p1p2_boundary,sgd_log,alpha=0.1,1.0,1.0,1.0,sgd_log,alpha=0.1,1.2,1.0,1.518472858487845,0.6872,0.6844547641464083,0.6844547641464083,0.6872,0.568,0.8992,0.4608,0.652,0.568,0.896,0.608,0.712,0.7236180904522613,0.7226285326249262,0.7227761553631139,0.7233985584488096,0.6565656565656566,0.8994974874371859,0.414070351758794,0.6683417085427136,0.6565656565656566,0.875,0.6834170854271356,0.7336683417085427
cost_sensitive_p1p2_boundary,sgd_log,alpha=0.03,1.0,1.15,1.4,sgd_log,alpha=0.05,1.4,1.0,1.5180820022335886,0.6848,0.6840700037226478,0.6840700037226478,0.6848000000000001,0.564,0.8984,0.4624,0.644,0.564,0.836,0.66,0.72,0.7206030150753768,0.7201936183850173,0.7203457804255686,0.720408405664687,0.6363636363636364,0.9045226130653267,0.41105527638190953,0.678391959798995,0.6363636363636364,0.83,0.7185929648241206,0.7386934673366834
cost_sensitive_p1p2_boundary,sgd_log,alpha=0.1,1.0,1.15,1.4,sgd_log,alpha=0.03,1.2,1.0,1.5166962470151695,0.6816,0.6807604116919495,0.6807604116919495,0.6816000000000001,0.568,0.8992,0.4656,0.64,0.568,0.848,0.652,0.7,0.7125628140703517,0.7120727759696003,0.7122177822693349,0.7123580021318714,0.6212121212121212,0.9035175879396985,0.41809045226130653,0.6633165829145728,0.6212121212121212,0.825,0.7185929648241206,0.7336683417085427
cost_sensitive_p1p2_boundary,sgd_log,alpha=0.05,1.0,1.15,1.0,sgd_log,alpha=0.05,1.4,1.0,1.5162126739075745,0.6832,0.6818211231792908,0.6818211231792908,0.6832,0.576,0.896,0.4624,0.656,0.6,0.884,0.576,0.7,0.7206030150753768,0.7200649118842392,0.7202315757274251,0.7203935333231815,0.6565656565656566,0.8964824120603015,0.42512562814070354,0.678391959798995,0.6565656565656566,0.865,0.6683417085427136,0.7336683417085427
cost_sensitive_base,sgd_log,alpha=0.03,1.0,1.15,1.2,,,1.0,1.0,1.5158471236000188,0.6816,0.6806118726666984,0.6806118726666984,0.6816000000000001,0.568,0.8968,0.4688,0.64,0.568,0.848,0.632,0.72,0.7155778894472362,0.7151593182051292,0.7153211771369717,0.7153782041520735,0.6313131313131313,0.9015075376884422,0.421105527638191,0.6733668341708543,0.6313131313131313,0.83,0.7035175879396985,0.7386934673366834
cost_sensitive_p1p2_boundary,sgd_log,alpha=0.03,1.0,1.15,1.0,sgd_log,alpha=0.1,1.2,1.0,1.5138032110419473,0.6824,0.6804720184032453,0.6804720184032454,0.6824,0.58,0.8984,0.464,0.652,0.592,0.868,0.58,0.72,0.7206030150753768,0.7200365658417662,0.720187137365316,0.7204289122379576,0.6633165829145728,0.8974874371859296,0.4201005025125628,0.6733668341708543,0.6767676767676768,0.85,0.6633165829145728,0.7386934673366834
cost_sensitive_p1p2_boundary,sgd_log,alpha=0.03,1.0,1.0,1.4,sgd_log,alpha=0.05,1.4,1.0,1.5133258180733364,0.6872,0.6858096967888941,0.6858096967888941,0.6872,0.556,0.9016,0.4552,0.644,0.556,0.856,0.66,0.72,0.7206030150753768,0.7195818574886844,0.7197256395017774,0.7203831277600122,0.6212121212121212,0.907537688442211,0.40804020100502514,0.678391959798995,0.6212121212121212,0.84,0.7185929648241206,0.7437185929648241
cost_sensitive_p1p2_boundary,sgd_log,alpha=0.1,1.0,1.0,1.4,sgd_log,alpha=0.05,1.2,1.0,1.5127967245232372,0.6816,0.6807278742053954,0.6807278742053955,0.6816000000000001,0.564,0.9,0.4592,0.628,0.564,0.852,0.656,0.708,0.7125628140703517,0.712303744118796,0.712434715718878,0.71237322978529,0.6363636363636364,0.9025125628140703,0.41708542713567837,0.6532663316582915,0.6363636363636364,0.825,0.7135678391959799,0.7336683417085427
cost_sensitive_p1p2_boundary,sgd_log,alpha=0.03,1.0,1.0,1.4,sgd_log,alpha=0.1,1.2,1.0,1.511519002657515,0.6864,0.684998337762525,0.684998337762525,0.6864000000000001,0.556,0.9016,0.4568,0.64,0.556,0.856,0.66,0.72,0.7256281407035176,0.7249983828729405,0.7251245068124541,0.72543870869499,0.6515151515151515,0.907537688442211,0.4020100502512563,0.6733668341708543,0.6515151515151515,0.84,0.7185929648241206,0.7437185929648241
cost_sensitive_p1p2_boundary,sgd_log,alpha=0.03,1.0,1.15,1.0,sgd_log,alpha=0.05,1.4,1.0,1.5107529182528594,0.6824,0.6803881970880986,0.6803881970880985,0.6824,0.58,0.8976,0.4648,0.656,0.588,0.868,0.58,0.72,0.7155778894472362,0.7147652483806077,0.7149311487545322,0.7153733313029796,0.6464646464646465,0.8974874371859296,0.4271356783919598,0.678391959798995,0.6464646464646465,0.85,0.6633165829145728,0.7386934673366834
cost_sensitive_p1p2_boundary,sgd_log,alpha=0.1,1.0,1.15,1.0,sgd_log,alpha=0.1,1.2,1.0,1.5102515440814093,0.684,0.6817525734690161,0.6817525734690162,0.6839999999999999,0.576,0.8952,0.4688,0.652,0.576,0.888,0.592,0.712,0.7286432160804021,0.7277714721882862,0.7279161097201432,0.7284389117303691,0.6683417085427136,0.9015075376884422,0.40804020100502514,0.6683417085427136,0.6717171717171717,0.875,0.6884422110552764,0.7386934673366834
cost_sensitive_p1p2_boundary,sgd_log,alpha=0.03,1.0,1.0,1.0,sgd_log,alpha=0.05,1.2,1.0,1.5052764824442273,0.6792,0.6771274707403789,0.6771274707403789,0.6792,0.576,0.8992,0.4648,0.632,0.596,0.868,0.576,0.724,0.7226130653266332,0.7217546442478104,0.7219090762323184,0.7224238363534845,0.6582914572864321,0.9015075376884422,0.4130653266331658,0.6582914572864321,0.6717171717171717,0.86,0.6834170854271356,0.7386934673366834
cost_sensitive_p1p2_boundary,sgd_log,alpha=0.05,1.0,1.15,1.4,sgd_log,alpha=0.03,1.4,1.0,1.5049451719135172,0.6864,0.6856419531891947,0.6856419531891946,0.6864000000000001,0.552,0.8984,0.4648,0.668,0.552,0.84,0.66,0.712,0.7185929648241206,0.7180547944945321,0.7182077320142708,0.7183830770011674,0.6161616161616161,0.9025125628140703,0.41708542713567837,0.6984924623115578,0.6161616161616161,0.825,0.7135678391959799,0.7386934673366834
cost_sensitive_p1p2_boundary,sgd_log,alpha=0.05,1.0,1.0,1.2,sgd_log,alpha=0.03,1.4,1.0,1.5041145422121263,0.6864,0.6844575703535434,0.6844575703535434,0.6864000000000001,0.552,0.8992,0.4656,0.668,0.552,0.864,0.632,0.716,0.7206030150753768,0.7195849971304968,0.7197456779857534,0.7203730267499112,0.6161616161616161,0.9015075376884422,0.4190954773869347,0.6984924623115578,0.6161616161616161,0.845,0.6984924623115578,0.7437185929648241
cost_sensitive_p1p2_boundary,sgd_log,alpha=0.1,1.0,1.0,1.2,sgd_log,alpha=0.05,1.4,1.0,1.5033054166485573,0.6832,0.6812423610809288,0.681242361080929,0.6832,0.556,0.8976,0.4656,0.652,0.556,0.876,0.644,0.688,0.7185929648241206,0.7176666610976863,0.7178155695924631,0.7183580528907162,0.6262626262626263,0.9035175879396985,0.414070351758794,0.6733668341708543,0.6262626262626263,0.86,0.7085427135678392,0.7236180904522613
cost_sensitive_p1p2_boundary,sgd_log,alpha=0.1,1.0,1.0,1.4,sgd_log,alpha=0.03,1.2,1.0,1.5030040443386428,0.6824,0.6812067405644047,0.6812067405644048,0.6824,0.556,0.8992,0.4624,0.64,0.556,0.852,0.656,0.708,0.7095477386934673,0.7089470350664492,0.7090907162069839,0.7093327749860413,0.6111111111111112,0.9025125628140703,0.421105527638191,0.6633165829145728,0.6111111111111112,0.825,0.7135678391959799,0.7336683417085427
cost_sensitive_p1p2_boundary,sgd_log,alpha=0.03,1.0,1.0,1.0,sgd_log,alpha=0.03,1.2,1.0,1.5017231237489057,0.6808,0.6784052062481765,0.6784052062481765,0.6808,0.576,0.8976,0.468,0.648,0.588,0.868,0.576,0.724,0.7175879396984924,0.7164040976673457,0.7165742051774318,0.7173631795340338,0.6363636363636364,0.9015075376884422,0.421105527638191,0.6683417085427136,0.6363636363636364,0.86,0.6834170854271356,0.7386934673366834
cost_sensitive_base,sgd_log,alpha=0.03,1.0,1.15,1.0,,,1.0,1.0,1.5010434077798993,0.6792,0.6772056796331658,0.6772056796331658,0.6792,0.58,0.8968,0.4696,0.644,0.584,0.868,0.58,0.72,0.7135678391959799,0.7127843194950197,0.7129567957157223,0.7133582051672505,0.6414141414141414,0.8974874371859296,0.42814070351758793,0.6733668341708543,0.6414141414141414,0.85,0.6633165829145728,0.7386934673366834
cost_sensitive_p1p2_boundary,sgd_log,alpha=0.03,1.0,1.15,1.2,sgd_log,alpha=0.03,1.4,1.0,1.5008422162715431,0.6848,0.6833370271192386,0.6833370271192385,0.6848000000000001,0.552,0.8968,0.468,0.672,0.552,0.848,0.632,0.72,0.7165829145728643,0.7158081781294362,0.7159727925414211,0.7163629257398101,0.6111111111111112,0.9015075376884422,0.4221105527638191,0.6984924623115578,0.6111111111111112,0.83,0.7035175879396985,0.7386934673366834
cost_sensitive_p1p2_boundary,sgd_log,alpha=0.1,1.0,1.15,1.4,sgd_log,alpha=0.05,1.4,1.0,1.4995651000710675,0.6808,0.6798085001184461,0.6798085001184462,0.6808,0.556,0.9,0.4656,0.648,0.556,0.848,0.652,0.7,0.7155778894472362,0.7151583524356978,0.7152965182783184,0.7153781533932287,0.6262626262626263,0.9035175879396985,0.4150753768844221,0.6733668341708543,0.6262626262626263,0.825,0.7185929648241206,0.7336683417085427
cost_sensitive_p1p2_boundary,sgd_log,alpha=0.05,1.0,1.15,1.2,sgd_log,alpha=0.03,1.4,1.0,1.4991546777245237,0.6832,0.6815911295408726,0.6815911295408726,0.6832,0.556,0.8952,0.4728,0.668,0.556,0.86,0.616,0.716,0.7175879396984924,0.7170309326295793,0.7171943295520686,0.7173730775087559,0.6212121212121212,0.8994974874371859,0.42311557788944726,0.6984924623115578,0.6212121212121212,0.835,0.6884422110552764,0.7437185929648241
cost_sensitive_p1p2_boundary,sgd_log,alpha=0.05,1.0,1.0,1.0,sgd_log,alpha=0.03,1.4,1.0,1.4989762626193457,0.688,0.6851604376989091,0.6851604376989091,0.6880000000000001,0.548,0.8984,0.4632,0.676,0.548,0.896,0.616,0.704,0.7226130653266332,0.7210755821578387,0.7212527936652161,0.7223427744784529,0.6060606060606061,0.8994974874371859,0.4201005025125628,0.6984924623115578,0.6060606060606061,0.875,0.6984924623115578,0.7336683417085427
cost_sensitive_base,sgd_log,alpha=0.03,1.0,1.0,1.2,,,1.0,1.0,1.4981736398621315,0.688,0.6860893997702189,0.6860893997702189,0.6880000000000001,0.544,0.9,0.4584,0.672,0.544,0.856,0.644,0.724,0.7155778894472362,0.7144887278622792,0.7146566006051661,0.7153427237196082,0.601010101010101,0.9045226130653267,0.4201005025125628,0.6884422110552764,0.601010101010101,0.835,0.7135678391959799,0.7386934673366834
cost_sensitive_p1p2_boundary,sgd_log,alpha=0.05,1.0,1.15,1.0,sgd_log,alpha=0.03,1.4,1.0,1.4980938597367788,0.6832,0.6812897662279649,0.681289766227965,0.6832,0.576,0.8952,0.4672,0.68,0.576,0.884,0.576,0.7,0.7195979899497488,0.718764451214385,0.718938660291247,0.719363128775189,0.6313131313131313,0.8964824120603015,0.42814070351758793,0.6984924623115578,0.6313131313131313,0.865,0.6683417085427136,0.7336683417085427
cost_sensitive_p1p2_boundary,sgd_log,alpha=0.03,1.0,1.0,1.0,sgd_log,alpha=0.1,1.2,1.0,1.4948677944075888,0.68,0.6775796573459809,0.6775796573459808,0.68,0.576,0.8992,0.4672,0.652,0.58,0.868,0.576,0.724,0.7256281407035176,0.7247360279597415,0.7248839724495053,0.725438911730369,0.6717171717171717,0.9015075376884422,0.41105527638190953,0.6733668341708543,0.6717171717171717,0.86,0.6834170854271356,0.7386934673366834
cost_sensitive_p1p2_boundary,sgd_log,alpha=0.1,1.0,1.0,1.2,sgd_log,alpha=0.1,1.2,1.0,1.4946300720756438,0.6816,0.6795834534594061,0.6795834534594062,0.6816000000000001,0.552,0.8976,0.468,0.648,0.552,0.876,0.644,0.688,0.7226130653266332,0.7220274769477472,0.7221639857605371,0.7224035328155931,0.6515151515151515,0.9035175879396985,0.40804020100502514,0.6683417085427136,0.6515151515151515,0.86,0.7085427135678392,0.7236180904522613
cost_sensitive_p1p2_boundary,sgd_log,alpha=0.03,1.0,1.0,1.0,sgd_log,alpha=0.05,1.4,1.0,1.4918164235075373,0.68,0.6774940391792292,0.6774940391792292,0.68,0.576,0.8984,0.468,0.656,0.576,0.868,0.576,0.724,0.7206030150753768,0.7194395783429943,0.719602977975372,0.7203833307953911,0.6414141414141414,0.9015075376884422,0.41809045226130653,0.678391959798995,0.6414141414141414,0.86,0.6834170854271356,0.7386934673366834
cost_sensitive_p1p2_boundary,sgd_log,alpha=0.03,1.0,1.0,1.2,sgd_log,alpha=0.03,1.4,1.0,1.4909591175269645,0.6872,0.6851985292116078,0.685198529211608,0.6872,0.54,0.9,0.4608,0.672,0.54,0.856,0.644,0.724,0.7185929648241206,0.7175514096924828,0.7177139928294454,0.7183628749809655,0.6060606060606061,0.9045226130653267,0.41608040201005025,0.6984924623115578,0.6060606060606061,0.835,0.7135678391959799,0.7386934673366834
cost_sensitive_p1p2_boundary,sgd_log,alpha=0.1,1.0,1.15,1.4,sgd_log,alpha=0.1,1.2,1.0,1.4908871840044224,0.6792,0.6781453066740373,0.6781453066740373,0.6792,0.552,0.9,0.468,0.644,0.552,0.848,0.652,0.7,0.7206030150753768,0.7205445757477428,0.7206652531735631,0.7204337343282067,0.6565656565656566,0.9035175879396985,0.40904522613065325,0.6683417085427136,0.6565656565656566,0.825,0.7185929648241206,0.7336683417085427
cost_sensitive_p1p2_boundary,sgd_log,alpha=0.05,1.0,1.0,1.4,sgd_log,alpha=0.03,1.4,1.0,1.4897906509499597,0.6864,0.6851177515832658,0.6851177515832658,0.6864000000000001,0.54,0.9008,0.4616,0.668,0.54,0.844,0.668,0.712,0.7165829145728643,0.7158432737281075,0.7160034732218166,0.7163577990964927,0.601010101010101,0.9025125628140703,0.41708542713567837,0.6984924623115578,0.601010101010101,0.825,0.7185929648241206,0.7386934673366834
cost_sensitive_p1p2_boundary,sgd_log,alpha=0.1,1.0,1.15,1.2,sgd_log,alpha=0.03,1.4,1.0,1.4866981466020956,0.6832,0.681163577670159,0.6811635776701591,0.6832,0.544,0.8976,0.4704,0.672,0.544,0.872,0.636,0.692,0.7175879396984924,0.7163858605889987,0.7165492096808502,0.7173327242271965,0.6060606060606061,0.9015075376884422,0.421105527638191,0.6934673366834171,0.6060606060606061,0.86,0.7035175879396985,0.7236180904522613
cost_sensitive_p1p2_boundary,sgd_log,alpha=0.1,1.0,1.0,1.0,sgd_log,alpha=0.03,1.4,1.0,1.486088212854219,0.6872,0.6838803547570311,0.6838803547570311,0.6872,0.544,0.8984,0.4648,0.676,0.544,0.896,0.608,0.712,0.7185929648241206,0.71690374996921,0.7170716082002301,0.7183226739759403,0.6060606060606061,0.8994974874371859,0.42311557788944726,0.6934673366834171,0.6060606060606061,0.875,0.6834170854271356,0.7336683417085427
cost_sensitive_p1p2_boundary,sgd_log,alpha=0.1,1.0,1.0,1.4,sgd_log,alpha=0.05,1.4,1.0,1.485854914505052,0.6816,0.6802248575084201,0.6802248575084201,0.6816000000000001,0.544,0.9,0.4624,0.648,0.544,0.852,0.656,0.708,0.7125628140703517,0.7120609128474333,0.7121976471597234,0.7123529262473987,0.6161616161616161,0.9025125628140703,0.41809045226130653,0.6733668341708543,0.6161616161616161,0.825,0.7135678391959799,0.7336683417085427
cost_sensitive_base,sgd_log,alpha=0.03,1.0,1.15,1.4,,,1.0,1.0,1.4853520022759112,0.6792,0.6783200037931856,0.6783200037931855,0.6792,0.548,0.8976,0.4696,0.632,0.548,0.836,0.66,0.72,0.7185929648241206,0.7181738728239272,0.7183327934849162,0.7183932795289578,0.6313131313131313,0.9045226130653267,0.4120603015075377,0.6733668341708543,0.6313131313131313,0.83,0.7185929648241206,0.7386934673366834
cost_sensitive_p1p2_boundary,sgd_log,alpha=0.03,1.0,1.15,1.4,sgd_log,alpha=0.03,1.4,1.0,1.4840862981248233,0.684,0.6827438302080386,0.6827438302080387,0.6839999999999999,0.54,0.8976,0.4672,0.664,0.54,0.836,0.66,0.72,0.7195979899497488,0.7188392546070399,0.7190008129183992,0.7193780011166947,0.6111111111111112,0.9045226130653267,0.4130653266331658,0.6984924623115578,0.6111111111111112,0.83,0.7185929648241206,0.7386934673366834
cost_sensitive_p1p2_boundary,sgd_log,alpha=0.03,1.0,1.15,1.0,sgd_log,alpha=0.03,1.4,1.0,1.4815887699011414,0.6816,0.6791146165019026,0.6791146165019026,0.6816000000000001,0.564,0.8968,0.4696,0.676,0.564,0.868,0.58,0.72,0.714572864321608,0.7134507299210999,0.7136259417523007,0.7143429267549871,0.6212121212121212,0.8974874371859296,0.4291457286432161,0.6984924623115578,0.6212121212121212,0.85,0.6633165829145728,0.7386934673366834
cost_sensitive_p1p2_boundary,sgd_log,alpha=0.1,1.0,1.15,1.0,sgd_log,alpha=0.03,1.4,1.0,1.4778681935798488,0.684,0.6811803226330809,0.6811803226330809,0.6839999999999999,0.552,0.8944,0.4728,0.676,0.552,0.888,0.592,0.712,0.7226130653266332,0.7211145864919295,0.7212823879046523,0.7223529262473987,0.6161616161616161,0.9015075376884422,0.41809045226130653,0.6934673366834171,0.6161616161616161,0.875,0.6884422110552764,0.7386934673366834
cost_sensitive_p1p2_boundary,sgd_log,alpha=0.1,1.0,1.0,1.4,sgd_log,alpha=0.1,1.2,1.0,1.4771703592041259,0.68,0.6785505986735434,0.6785505986735436,0.68,0.54,0.9,0.4648,0.644,0.54,0.852,0.656,0.708,0.7155778894472362,0.7153847070621291,0.7155106445470915,0.7153883051621744,0.6363636363636364,0.9025125628140703,0.414070351758794,0.6683417085427136,0.6363636363636364,0.825,0.7135678391959799,0.7336683417085427
cost_sensitive_base,sgd_log,alpha=0.05,1.0,1.0,1.0,,,1.0,1.0,1.475222514674762,0.6864,0.6833041911246035,0.6833041911246034,0.6864000000000001,0.532,0.8984,0.4624,0.684,0.532,0.896,0.616,0.704,0.7236180904522613,0.7221385224926742,0.7223121344677984,0.7233528754885539,0.6111111111111112,0.8994974874371859,0.4190954773869347,0.6984924623115578,0.6111111111111112,0.875,0.6984924623115578,0.7336683417085427
cost_sensitive_base,sgd_log,alpha=0.03,1.0,1.0,1.4,,,1.0,1.0,1.4727544831409782,0.6856,0.6835908052349638,0.6835908052349637,0.6856,0.528,0.9008,0.4592,0.664,0.528,0.856,0.66,0.72,0.7165829145728643,0.7150922549920662,0.7152527576416156,0.7163325719506625,0.5909090909090909,0.907537688442211,0.4130653266331658,0.6884422110552764,0.5909090909090909,0.84,0.7185929648241206,0.7437185929648241
cost_sensitive_base,sgd_log,alpha=0.1,1.0,1.0,1.0,,,1.0,1.0,1.4726776865384295,0.6856,0.6821961442307154,0.6821961442307154,0.6856,0.536,0.8984,0.4648,0.676,0.536,0.896,0.608,0.712,0.7175879396984924,0.7158868307806124,0.7160615635715513,0.7173125729658392,0.601010101010101,0.8994974874371859,0.4221105527638191,0.6934673366834171,0.601010101010101,0.875,0.6834170854271356,0.7336683417085427
cost_sensitive_p1p2_boundary,sgd_log,alpha=0.03,1.0,1.0,1.4,sgd_log,alpha=0.03,1.4,1.0,1.4725841252279106,0.6856,0.683573542046518,0.6835735420465179,0.6856,0.528,0.9008,0.46,0.664,0.528,0.856,0.66,0.72,0.7185929648241206,0.7171947039663982,0.7173515126292798,0.7183476980863917,0.5959595959595959,0.907537688442211,0.4100502512562814,0.6934673366834171,0.5959595959595959,0.84,0.7185929648241206,0.7437185929648241
cost_sensitive_p1p2_boundary,sgd_log,alpha=0.1,1.0,1.0,1.2,sgd_log,alpha=0.03,1.4,1.0,1.4692606452445203,0.6824,0.6798344087408668,0.6798344087408666,0.6824,0.532,0.8968,0.4704,0.672,0.532,0.876,0.644,0.688,0.7175879396984924,0.716270191274695,0.7164269873573922,0.7173276483427237,0.601010101010101,0.9035175879396985,0.41708542713567837,0.6934673366834171,0.601010101010101,0.86,0.7085427135678392,0.7236180904522613
cost_sensitive_p1p2_boundary,sgd_log,alpha=0.1,1.0,1.15,1.4,sgd_log,alpha=0.03,1.4,1.0,1.4655100982273144,0.68,0.6783834970455234,0.6783834970455234,0.68,0.532,0.8992,0.4704,0.668,0.532,0.848,0.652,0.7,0.714572864321608,0.7137711142176038,0.7139188550739298,0.7143477488452362,0.601010101010101,0.9035175879396985,0.41708542713567837,0.6934673366834171,0.601010101010101,0.825,0.7185929648241206,0.7336683417085427
cost_sensitive_base,sgd_log,alpha=0.03,1.0,1.0,1.0,,,1.0,1.0,1.4652121183896891,0.68,0.6770868639828151,0.677086863982815,0.68,0.556,0.8976,0.4696,0.676,0.556,0.868,0.576,0.724,0.7175879396984924,0.7160679719605408,0.7162442657048281,0.7173378001116694,0.6111111111111112,0.9015075376884422,0.42311557788944726,0.6934673366834171,0.6111111111111112,0.86,0.6834170854271356,0.7386934673366834
cost_sensitive_p1p2_boundary,sgd_log,alpha=0.03,1.0,1.0,1.0,sgd_log,alpha=0.03,1.4,1.0,1.457840510928808,0.6792,0.6762008515480135,0.6762008515480133,0.6792,0.552,0.8976,0.4728,0.676,0.552,0.868,0.576,0.724,0.7195979899497488,0.7181236916979937,0.7182964096629515,0.7193529262473985,0.6161616161616161,0.9015075376884422,0.4201005025125628,0.6984924623115578,0.6161616161616161,0.86,0.6834170854271356,0.7386934673366834
cost_sensitive_p1p2_boundary,sgd_log,alpha=0.1,1.0,1.0,1.4,sgd_log,alpha=0.03,1.4,1.0,1.4519452291307926,0.6808,0.6787753818846548,0.6787753818846549,0.6808,0.52,0.8992,0.4664,0.668,0.52,0.852,0.656,0.708,0.7115577889447237,0.7106246663117256,0.7107711415131649,0.7113225216994061,0.5909090909090909,0.9025125628140703,0.4201005025125628,0.6934673366834171,0.5909090909090909,0.825,0.7135678391959799,0.7336683417085427
cost_sensitive_base,sgd_log,alpha=0.1,1.0,1.0,1.2,,,1.0,1.0,1.4487839453600613,0.68,0.6772399089334357,0.6772399089334358,0.68,0.52,0.8968,0.472,0.672,0.52,0.876,0.644,0.688,0.7165829145728643,0.7152262816349848,0.7153900968417464,0.7163175473326227,0.5959595959595959,0.9035175879396985,0.41608040201005025,0.6934673366834171,0.5959595959595959,0.86,0.7085427135678392,0.7236180904522613
cost_sensitive_base,sgd_log,alpha=0.1,1.0,1.0,1.4,,,1.0,1.0,1.4312792853860536,0.6784,0.6761321423100893,0.6761321423100893,0.6784000000000001,0.508,0.8992,0.4688,0.668,0.508,0.852,0.656,0.708,0.7105527638190955,0.7095464991958227,0.7096983923224676,0.710312420689305,0.5858585858585859,0.9025125628140703,0.4201005025125628,0.6934673366834171,0.5858585858585859,0.825,0.7135678391959799,0.7336683417085427
cost_sensitive_p1p2_boundary,sgd_log,alpha=0.05,1.0,1.0,1.0,sgd_log,alpha=0.1,1.4,1.0,1.4041448927467863,0.6832,0.6787081545779772,0.6787081545779772,0.6832,0.484,0.8984,0.472,0.716,0.484,0.896,0.616,0.704,0.714572864321608,0.7118169585435289,0.71203310529801,0.7142365869752804,0.5404040404040404,0.8994974874371859,0.4291457286432161,0.7236180904522613,0.5404040404040404,0.875,0.6984924623115578,0.7336683417085427
cost_sensitive_p1p2_boundary,sgd_log,alpha=0.05,1.0,1.15,1.4,sgd_log,alpha=0.1,1.4,1.0,1.4034302568222436,0.6808,0.678383761370406,0.6783837613704061,0.6808,0.484,0.8984,0.4736,0.708,0.484,0.84,0.66,0.712,0.7085427135678392,0.706805755584133,0.7070041732367767,0.7082617633622659,0.5454545454545454,0.9025125628140703,0.4271356783919598,0.7185929648241206,0.5454545454545454,0.825,0.7135678391959799,0.7386934673366834
cost_sensitive_p1p2_boundary,sgd_log,alpha=0.05,1.0,1.0,1.2,sgd_log,alpha=0.1,1.4,1.0,1.4026088757629216,0.6808,0.6772147929382029,0.6772147929382027,0.6808,0.484,0.8992,0.4744,0.708,0.484,0.864,0.632,0.716,0.7115577889447237,0.7094730175043884,0.7096753176732886,0.7112618141211107,0.5505050505050505,0.9015075376884422,0.42814070351758793,0.7185929648241206,0.5505050505050505,0.845,0.6984924623115578,0.7437185929648241
cost_sensitive_p1p2_boundary,sgd_log,alpha=0.03,1.0,1.15,1.2,sgd_log,alpha=0.1,1.4,1.0,1.3993179526367079,0.6792,0.6760632543945129,0.6760632543945129,0.6792,0.484,0.8968,0.4768,0.712,0.484,0.848,0.632,0.72,0.7075376884422111,0.7054547169876426,0.7056618138706913,0.7072466372265367,0.5404040404040404,0.9015075376884422,0.4321608040201005,0.7236180904522613,0.5404040404040404,0.83,0.7035175879396985,0.7386934673366834
cost_sensitive_p1p2_boundary,sgd_log,alpha=0.05,1.0,1.15,1.2,sgd_log,alpha=0.1,1.4,1.0,1.397681132430019,0.6776,0.6744018873833652,0.6744018873833652,0.6776,0.488,0.8952,0.4816,0.708,0.488,0.86,0.616,0.716,0.7085427135678392,0.706847974244039,0.7070547562445204,0.7082567889954825,0.5505050505050505,0.8994974874371859,0.4321608040201005,0.7236180904522613,0.5505050505050505,0.835,0.6884422110552764,0.7437185929648241
cost_sensitive_p1p2_boundary,sgd_log,alpha=0.1,1.0,1.15,1.2,sgd_log,alpha=0.1,1.4,1.0,1.3918262060118913,0.6784,0.6746436766864854,0.6746436766864854,0.6784000000000001,0.48,0.8976,0.4792,0.712,0.48,0.872,0.636,0.692,0.7085427135678392,0.7061384766304641,0.7063423887006038,0.708221511598396,0.5404040404040404,0.9015075376884422,0.4311557788944724,0.7135678391959799,0.5404040404040404,0.86,0.7035175879396985,0.7236180904522613
cost_sensitive_p1p2_boundary,sgd_log,alpha=0.1,1.0,1.0,1.0,sgd_log,alpha=0.1,1.4,1.0,1.3912101142306892,0.6824,0.6773501903844819,0.6773501903844819,0.6824,0.48,0.8984,0.4736,0.716,0.48,0.896,0.608,0.712,0.7095477386934673,0.7066623019054605,0.7068706932861518,0.7092114613471396,0.5404040404040404,0.8994974874371859,0.43316582914572865,0.7135678391959799,0.5404040404040404,0.875,0.6834170854271356,0.7336683417085427
cost_sensitive_p1p2_boundary,sgd_log,alpha=0.05,1.0,1.15,1.0,sgd_log,alpha=0.1,1.4,1.0,1.38986842112973,0.6768,0.6734473685495503,0.6734473685495505,0.6768000000000001,0.504,0.8952,0.4768,0.72,0.504,0.884,0.576,0.7,0.7105527638190955,0.7087823526672079,0.708999228794188,0.7102468402619155,0.5606060606060606,0.8964824120603015,0.4371859296482412,0.7236180904522613,0.5606060606060606,0.865,0.6683417085427136,0.7336683417085427
cost_sensitive_p1p2_boundary,sgd_log,alpha=0.03,1.0,1.0,1.2,sgd_log,alpha=0.1,1.4,1.0,1.3893141163293397,0.6816,0.677723527215566,0.677723527215566,0.6816000000000001,0.472,0.9,0.4696,0.712,0.472,0.856,0.644,0.724,0.7105527638190955,0.7082307104169205,0.7084339153894349,0.7102566874777929,0.5404040404040404,0.9045226130653267,0.42412060301507537,0.7236180904522613,0.5404040404040404,0.835,0.7135678391959799,0.7386934673366834
cost_sensitive_p1p2_boundary,sgd_log,alpha=0.05,1.0,1.0,1.4,sgd_log,alpha=0.1,1.4,1.0,1.388154780006128,0.6808,0.67765796667688,0.67765796667688,0.6808,0.472,0.9008,0.4704,0.708,0.472,0.844,0.668,0.712,0.7075376884422111,0.7054881351240267,0.7056892194723668,0.707246586467692,0.5353535353535354,0.9025125628140703,0.4271356783919598,0.7185929648241206,0.5353535353535354,0.825,0.7185929648241206,0.7386934673366834
cost_sensitive_p1p2_boundary,sgd_log,alpha=0.1,1.0,1.15,1.0,sgd_log,alpha=0.1,1.4,1.0,1.3830544752218916,0.6792,0.6747574587031527,0.6747574587031527,0.6792,0.488,0.8944,0.4816,0.716,0.488,0.888,0.592,0.712,0.7135678391959799,0.7110129710969514,0.7112207052212159,0.713241713618598,0.5505050505050505,0.9015075376884422,0.42814070351758793,0.7135678391959799,0.5505050505050505,0.875,0.6884422110552764,0.7386934673366834
cost_sensitive_p1p2_boundary,sgd_log,alpha=0.03,1.0,1.15,1.4,sgd_log,alpha=0.1,1.4,1.0,1.3824857957028969,0.6784,0.675342992838161,0.6753429928381611,0.6784000000000001,0.472,0.8976,0.476,0.704,0.472,0.836,0.66,0.72,0.7105527638190955,0.7084551806423512,0.7086609361124666,0.7102617126034211,0.5404040404040404,0.9045226130653267,0.4221105527638191,0.7236180904522613,0.5404040404040404,0.83,0.7185929648241206,0.7386934673366834
cost_sensitive_p1p2_boundary,sgd_log,alpha=0.03,1.0,1.15,1.0,sgd_log,alpha=0.1,1.4,1.0,1.3801546896713364,0.676,0.6719911494522275,0.6719911494522274,0.6759999999999999,0.496,0.8968,0.4784,0.716,0.496,0.868,0.58,0.72,0.7055276381909548,0.7032876840575932,0.7035046340948561,0.7052266382417137,0.5505050505050505,0.8974874371859296,0.4391959798994975,0.7236180904522613,0.5505050505050505,0.85,0.6633165829145728,0.7386934673366834
cost_sensitive_p1p2_boundary,sgd_log,alpha=0.03,1.0,1.0,1.4,sgd_log,alpha=0.1,1.4,1.0,1.3777492344022382,0.6808,0.6768487240037308,0.6768487240037308,0.6808,0.464,0.9008,0.468,0.704,0.464,0.856,0.66,0.72,0.7115577889447237,0.7086630063092515,0.7088595008372748,0.7112465357088473,0.5303030303030303,0.907537688442211,0.41708542713567837,0.7236180904522613,0.5303030303030303,0.84,0.7185929648241206,0.7437185929648241
cost_sensitive_p1p2_boundary,sgd_log,alpha=0.1,1.0,1.0,1.2,sgd_log,alpha=0.1,1.4,1.0,1.3742745659422497,0.6776,0.6731242765704165,0.6731242765704164,0.6776,0.468,0.8968,0.4792,0.712,0.468,0.876,0.644,0.688,0.7085427135678392,0.7059143290226988,0.7061121300827374,0.7082164357139231,0.5353535353535354,0.9035175879396985,0.4271356783919598,0.7135678391959799,0.5353535353535354,0.86,0.7085427135678392,0.7236180904522613
cost_sensitive_p1p2_boundary,sgd_log,alpha=0.1,1.0,1.15,1.4,sgd_log,alpha=0.1,1.4,1.0,1.3705204830247013,0.6752,0.6716674717078356,0.6716674717078357,0.6752,0.468,0.8992,0.4792,0.708,0.468,0.848,0.652,0.7,0.7055276381909548,0.7033795716774376,0.7035682878974191,0.7052365362164357,0.5353535353535354,0.9035175879396985,0.4271356783919598,0.7135678391959799,0.5353535353535354,0.825,0.7185929648241206,0.7336683417085427
cost_sensitive_p1p2_boundary,sgd_log,alpha=0.1,1.0,1.0,1.4,sgd_log,alpha=0.1,1.4,1.0,1.3568449077518199,0.676,0.6718748462530331,0.6718748462530332,0.6759999999999999,0.456,0.8992,0.4752,0.708,0.456,0.852,0.656,0.708,0.7025125628140704,0.7000463980820708,0.7002345744245398,0.7022113090706055,0.5252525252525253,0.9025125628140703,0.4301507537688442,0.7135678391959799,0.5252525252525253,0.825,0.7135678391959799,0.7336683417085427
cost_sensitive_p1p2_boundary,sgd_log,alpha=0.03,1.0,1.0,1.0,sgd_log,alpha=0.1,1.4,1.0,1.3563246275290044,0.6736,0.6689410458816741,0.6689410458816741,0.6736000000000001,0.484,0.8976,0.4816,0.716,0.484,0.868,0.576,0.724,0.7115577889447237,0.7089662950692954,0.7091773425000478,0.7112467387442262,0.5505050505050505,0.9015075376884422,0.4291457286432161,0.7236180904522613,0.5505050505050505,0.86,0.6834170854271356,0.7386934673366834
